{"stats":{"minecraft:broken":{"minecraft:stone_pickaxe":1,"minecraft:iron_pickaxe":3},"minecraft:killed":{"minecraft:pig":3,"minecraft:creeper":1,"minecraft:sheep":5,"minecraft:skeleton":1,"minecraft:zombie":2,"minecraft:chicken":2,"whisperwoods:wisp":1,"minecraft:cow":7},"minecraft:dropped":{"minecraft:oak_planks":2},"minecraft:picked_up":{"minecraft:charcoal":11,"minecraft:crafting_table":4,"minecraft:feather":4,"minecraft:lilac":1,"minecraft:chicken":2,"born_in_chaos_v1:river_mint":1,"minecraft:andesite":33,"minecraft:leather":8,"minecraft:tuff":51,"minecraft:oak_log":33,"minecraft:dirt":43,"minecraft:raw_copper":17,"minecraft:polished_granite":1,"born_in_chaos_v1:marigolds":3,"minecraft:cobbled_deepslate":404,"minecraft:beef":13,"justenoughdrugz:weed_seed":1,"minecraft:sugar_cane":8,"minecraft:oak_planks":11,"minecraft:egg":1,"minecraft:furnace":2,"justenoughdrugz:sulfur":5,"minecraft:raw_iron":75,"minecraft:torch":8,"minecraft:sand":4,"minecraft:gravel":28,"minecraft:porkchop":7,"justenoughdrugz:unrefined_oil":1,"minecraft:diorite":21,"minecraft:orange_bed":1,"epicfight:diamond_tachi":1,"minecraft:arrow":1,"minecraft:diamond":61,"minecraft:granite":33,"minecraft:gray_wool":1,"minecraft:mutton":9,"minecraft:bricks":2,"minecraft:coal":23,"minecraft:white_wool":5,"minecraft:cobblestone":209,"minecraft:oxeye_daisy":1},"minecraft:crafted":{"minecraft:cooked_beef":13,"minecraft:oak_planks":48,"minecraft:diamond_sword":2,"minecraft:crafting_table":2,"minecraft:wooden_pickaxe":1,"minecraft:furnace":1,"minecraft:stone_axe":1,"minecraft:orange_dye":3,"minecraft:orange_wool":3,"minecraft:cooked_mutton":9,"minecraft:air":0,"minecraft:diamond_helmet":1,"minecraft:diamond_leggings":1,"minecraft:charcoal":2,"minecraft:stick":20,"minecraft:iron_ingot":75,"minecraft:iron_pickaxe":4,"minecraft:stone_pickaxe":1,"minecraft:chest":2,"minecraft:diamond_boots":1,"minecraft:light_gray_dye":1,"epicfight:diamond_tachi":2,"minecraft:torch":8,"minecraft:orange_bed":1,"minecraft:magenta_dye":2,"minecraft:diamond_chestplate":1},"minecraft:mined":{"minecraft:tuff":51,"justenoughdrugz:sulfur_ore":5,"born_in_chaos_v1:marigolds":3,"minecraft:deepslate_diamond_ore":61,"minecraft:polished_granite":1,"minecraft:crafting_table":4,"minecraft:torch":7,"minecraft:granite":33,"minecraft:grass_block":9,"minecraft:copper_ore":4,"minecraft:tall_grass":5,"minecraft:sugar_cane":3,"minecraft:bricks":2,"minecraft:oxeye_daisy":1,"minecraft:diorite":21,"minecraft:wall_torch":1,"minecraft:furnace":2,"justenoughdrugz:oil_ore":1,"minecraft:iron_ore":63,"minecraft:lilac":1,"minecraft:andesite":33,"born_in_chaos_v1:river_mint":1,"minecraft:grass":14,"minecraft:oak_log":30,"minecraft:coal_ore":23,"minecraft:deepslate_iron_ore":12,"minecraft:vine":1,"minecraft:gravel":14,"minecraft:sand":4,"minecraft:dirt":34,"minecraft:stone":211,"minecraft:oak_leaves":1,"minecraft:deepslate":404,"minecraft:orange_bed":1},"minecraft:used":{"minecraft:cooked_mutton":7,"minecraft:stone_pickaxe":131,"minecraft:chest":2,"minecraft:wooden_pickaxe":4,"minecraft:orange_bed":2,"minecraft:torch":11,"minecraft:dirt":12,"minecraft:crafting_table":6,"minecraft:tuff":10,"minecraft:iron_pickaxe":812,"epicfight:diamond_tachi":20,"minecraft:stone_axe":81,"minecraft:furnace":3,"minecraft:cooked_beef":2,"minecraft:cobbled_deepslate":1},"minecraft:custom":{"minecraft:interact_with_furnace":19,"minecraft:mob_kills":23,"minecraft:interact_with_crafting_table":19,"minecraft:leave_game":6,"minecraft:time_since_death":139919,"minecraft:sleep_in_bed":4,"minecraft:climb_one_cm":448,"minecraft:time_since_rest":68966,"minecraft:sprint_one_cm":193538,"minecraft:damage_taken":361,"minecraft:walk_one_cm":497803,"minecraft:drop":1,"minecraft:damage_dealt":2375,"minecraft:swim_one_cm":4538,"minecraft:fly_one_cm":35208,"minecraft:open_chest":11,"minecraft:crouch_one_cm":8221,"minecraft:play_time":139919,"tombstone:undead_killed":3,"minecraft:sneak_time":2028,"minecraft:walk_under_water_one_cm":536,"minecraft:jump":1401,"minecraft:walk_on_water_one_cm":672,"minecraft:total_world_time":139919,"minecraft:fall_one_cm":6002}},"DataVersion":2975}