{"stats":{"minecraft:crafted":{"minecraft:light_gray_concrete_powder":8,"minecraft:oak_planks":216,"vampirism:coffin":1,"minecraft:cooked_mutton":9,"minecraft:glass":15,"minecraft:diamond_helmet":3,"minecraft:diamond_leggings":2,"vampirism:altar_inspiration":1,"minecraft:chest":10,"minecraft:magenta_dye":2,"minecraft:oak_fence":36,"minecraft:glass_bottle":12,"sophisticatedbackpacks:backpack":1,"minecraft:cooked_porkchop":9,"minecraft:crafting_table":4,"minecraft:wooden_pickaxe":1,"minecraft:copper_ingot":81,"minecraft:charcoal":2,"minecraft:stick":72,"minecraft:iron_ingot":75,"minecraft:iron_pickaxe":4,"minecraft:light_gray_dye":1,"epicfight:diamond_tachi":2,"minecraft:furnace":1,"minecraft:bone_meal":51,"minecraft:orange_wool":3,"minecraft:iron_hoe":1,"minecraft:stone_pickaxe":1,"minecraft:diamond_boots":2,"cgm:workbench":1,"minecraft:cooked_beef":13,"minecraft:diamond_sword":2,"minecraft:bucket":1,"minecraft:stone_axe":1,"minecraft:orange_dye":3,"minecraft:air":0,"minecraft:oak_fence_gate":2,"minecraft:oak_boat":3,"minecraft:orange_bed":1,"minecraft:torch":8,"minecraft:diamond_chestplate":2},"minecraft:picked_up":{"minecraft:wheat":24,"cgm:basic_bullet":128,"minecraft:potion":5,"minecraft:enchanted_book":4,"minecraft:brewing_stand":2,"alexsmobs:gazelle_horn":4,"minecraft:string":11,"minecraft:raw_copper":83,"minecraft:pufferfish":1,"minecraft:beetroot":1,"alexsmobs:emu_feather":2,"minecraft:cobbled_deepslate":1413,"minecraft:wooden_shovel":1,"cgm:advanced_bullet":732,"minecraft:furnace":2,"minecraft:stick":8,"justenoughdrugz:weed":7,"born_in_chaos_v1:shattered_skull":1,"minecraft:torch":13,"epicfight:skillbook":8,"minecraft:porkchop":13,"vampirism:holy_water_bottle_enhanced":2,"vampirism:vampire_fang":1,"tombstone:grave_dust":14,"minecraft:diorite":84,"minecraft:golden_chestplate":5,"minecraft:black_dye":1,"minecraft:orange_bed":2,"vampirism:blood_bottle":1,"minecraft:rotten_flesh":55,"minecraft:tropical_fish":1,"alexsmobs:emu_egg":1,"minecraft:iron_bars":16,"minecraft:cod":2,"minecraft:cobblestone":655,"born_in_chaos_v1:staffof_magic_arrows":1,"minecraft:cooked_beef":4,"minecraft:feather":19,"minecraft:lilac":1,"minecraft:andesite":132,"minecraft:golden_leggings":3,"minecraft:potato":1,"minecraft:magenta_dye":2,"minecraft:tuff":249,"cgm:heavy_rifle":1,"minecraft:lapis_lazuli":2,"minecraft:dirt":241,"minecraft:light_gray_concrete_powder":5,"minecraft:polished_granite":2,"born_in_chaos_v1:marigolds":3,"minecraft:bone":57,"minecraft:bow":6,"minecraft:wheat_seeds":72,"vampirism:item_garlic":2,"minecraft:diamond_helmet":1,"minecraft:oak_planks":119,"minecraft:sand":19,"minecraft:ink_sac":4,"alexsmobs:animal_dictionary":3,"minecraft:iron_hoe":1,"minecraft:bundle":4,"cgm:pistol":1,"minecraft:light_gray_concrete":3,"tombstone:familiar_stone":1,"minecraft:diamond":61,"minecraft:crossbow":1,"minecraft:granite":137,"born_in_chaos_v1:rotten_fish":4,"minecraft:bricks":8,"minecraft:fishing_rod":1,"minecraft:charcoal":11,"minecraft:crafting_table":6,"minecraft:chicken":3,"born_in_chaos_v1:river_mint":8,"minecraft:wooden_pickaxe":5,"vampirism:heart_striker_enhanced":1,"minecraft:chain":1,"minecraft:shield":1,"minecraft:iron_axe":5,"minecraft:wooden_sword":4,"born_in_chaos_v1:intoxicating_decoction":1,"minecraft:iron_shovel":1,"vampirism:cursed_earth":2,"minecraft:beef":13,"minecraft:oak_boat":5,"justenoughdrugz:weed_seed":37,"minecraft:poppy":1,"minecraft:sugar_cane":16,"minecraft:chest":4,"minecraft:phantom_membrane":13,"minecraft:egg":7,"vampirism:holy_salt":13,"minecraft:raw_iron":75,"minecraft:spruce_fence":1,"minecraft:cookie":5,"minecraft:arrow":88,"minecraft:saddle":1,"minecraft:mutton":14,"minecraft:white_wool":9,"minecraft:oxeye_daisy":1,"born_in_chaos_v1:corpse_maggot":40,"vampirism:vampire_blood_bottle":8,"vampirism:item_tent":2,"born_in_chaos_v1:monster_flesh":4,"minecraft:salmon":1,"minecraft:leather":40,"minecraft:oak_log":66,"minecraft:lily_pad":14,"minecraft:gunpowder":8,"minecraft:paper":19,"minecraft:white_banner":2,"tombstone:gift":9,"vampirism:human_heart":4,"minecraft:iron_ingot":1,"vampirism:holy_water_bottle_ultimate":1,"minecraft:book":18,"justenoughdrugz:sulfur":25,"minecraft:sweet_berries":4,"born_in_chaos_v1:orbofthe_summoner":1,"born_in_chaos_v1:ethereal_spirit":18,"minecraft:gravel":170,"justenoughdrugz:unrefined_oil":2,"minecraft:spider_eye":5,"epicfight:diamond_tachi":5,"minecraft:slime_ball":1,"minecraft:stone_axe":3,"minecraft:chainmail_leggings":3,"minecraft:gray_wool":3,"cgm:workbench":3,"minecraft:coal":42},"minecraft:broken":{"minecraft:diamond_helmet":2,"minecraft:stone_pickaxe":1,"minecraft:diamond_boots":1,"minecraft:diamond_chestplate":1,"minecraft:diamond_leggings":1,"minecraft:iron_pickaxe":3},"minecraft:mined":{"minecraft:brewing_stand":2,"minecraft:granite":38,"minecraft:grass_block":27,"minecraft:oxeye_daisy":1,"minecraft:iron_ore":63,"minecraft:cobbled_deepslate":5,"vampirism:tent":1,"minecraft:iron_bars":10,"minecraft:light_gray_concrete":3,"minecraft:orange_bed":1,"minecraft:torch":9,"minecraft:poppy":1,"minecraft:sugar_cane":3,"minecraft:bricks":2,"minecraft:wall_torch":2,"minecraft:wheat":24,"minecraft:lilac":1,"born_in_chaos_v1:river_mint":5,"minecraft:grass":45,"minecraft:oak_log":62,"minecraft:sand":19,"minecraft:dirt":55,"vampirism:cursed_grass_block":3,"minecraft:oak_leaves":8,"minecraft:deepslate":404,"justenoughdrugz:sulfur_ore":5,"minecraft:tuff":51,"minecraft:deepslate_diamond_ore":61,"minecraft:spruce_fence":1,"minecraft:furnace":2,"justenoughdrugz:oil_ore":1,"minecraft:andesite":33,"minecraft:bookshelf":2,"minecraft:deepslate_iron_ore":12,"minecraft:vine":1,"minecraft:stone":243,"born_in_chaos_v1:marigolds":3,"justenoughdrugz:weed_plant":7,"vampirism:tent_main":1,"minecraft:dandelion":1,"minecraft:polished_granite":1,"minecraft:crafting_table":6,"minecraft:tall_grass":14,"minecraft:copper_ore":22,"minecraft:lily_pad":1,"minecraft:diorite":21,"minecraft:birch_leaves":3,"minecraft:coal_ore":40,"minecraft:gravel":16},"minecraft:custom":{"minecraft:animals_bred":11,"minecraft:interact_with_crafting_table":46,"minecraft:eat_cake_slice":1,"minecraft:leave_game":44,"minecraft:time_since_death":257485,"minecraft:damage_resisted":110,"minecraft:sprint_one_cm":1481055,"minecraft:drop":140,"minecraft:play_time":950381,"minecraft:deaths":9,"minecraft:jump":8203,"minecraft:walk_on_water_one_cm":32564,"minecraft:interact_with_furnace":40,"minecraft:sleep_in_bed":20,"minecraft:waystone_activated":3,"minecraft:damage_dealt":22639,"minecraft:player_kills":4,"minecraft:crouch_one_cm":109078,"tombstone:undead_killed":107,"minecraft:mob_kills":267,"minecraft:damage_dealt_resisted":3010,"minecraft:climb_one_cm":8383,"minecraft:walk_one_cm":3798846,"vampirism:infected_creatures":3,"minecraft:sneak_time":23654,"minecraft:walk_under_water_one_cm":26332,"minecraft:boat_one_cm":112651,"minecraft:total_world_time":950381,"tombstone:raider_killed":5,"minecraft:time_since_rest":3,"minecraft:damage_taken":307419,"minecraft:damage_absorbed":108,"minecraft:swim_one_cm":40042,"minecraft:fly_one_cm":2114872,"minecraft:open_chest":258,"minecraft:fall_one_cm":63280},"minecraft:killed":{"born_in_chaos_v1:zombie_clown":1,"vampirism:vampire":11,"graveyard:skeleton_creeper":2,"vampirism:advanced_vampire":1,"alexsmobs:anaconda":1,"born_in_chaos_v1:skeleton_demoman":2,"born_in_chaos_v1:pumpkin_spirit":1,"minecraft:spider":6,"born_in_chaos_v1:scarlet_persecutor":4,"vampirism:blinding_bat":2,"minecraft:skeleton":27,"minecraft:chicken":3,"whisperwoods:wisp":1,"vampirism:advanced_hunter":15,"born_in_chaos_v1:baby_skeleton_2":1,"born_in_chaos_v1:supreme_bonescaller_stage_2":1,"born_in_chaos_v1:bonescaller":1,"minecraft:pig":4,"minecraft:zombie_villager":1,"born_in_chaos_v1:wither_scuttler":1,"vampirism:converted_cow":1,"minecraft:creeper":7,"born_in_chaos_v1:shy_spirit":1,"vampirism:hunter":22,"minecraft:sheep":6,"born_in_chaos_v1:zombie_fisherman":7,"minecraft:pillager":5,"minecraft:zombie":40,"born_in_chaos_v1:corpse_fly":8,"minecraft:stray":4,"born_in_chaos_v1:door_knight":2,"minecraft:cow":7,"alexsmobs:raccoon":1,"born_in_chaos_v1:zombie_bruiser":2,"born_in_chaos_v1:maggot":20,"born_in_chaos_v1:barrel_zombie":4,"born_in_chaos_v1:fallen_chaos_knight":2,"born_in_chaos_v1:bone_imp_minion":2,"born_in_chaos_v1:baby_skeleton":1,"minecraft:bat":1,"man:manfromthefog":1,"born_in_chaos_v1:decrepit_skeleton":5,"whisperwoods:zotzpyre":1,"born_in_chaos_v1:phantom_creeper_copy":2,"born_in_chaos_v1:bloody_gadfly":2,"born_in_chaos_v1:decaying_zombie":2,"alexsmobs:cockroach":1,"alexsmobs:elephant":3,"born_in_chaos_v1:dark_vortex":2,"born_in_chaos_v1:nightmare_stalker":1},"minecraft:dropped":{"minecraft:cooked_beef":10,"minecraft:oak_log":1,"vampirism:human_heart":1,"minecraft:leather":24,"born_in_chaos_v1:monster_flesh":2,"minecraft:dirt":112,"minecraft:wooden_sword":2,"minecraft:phantom_membrane":4,"minecraft:white_wool":1,"minecraft:bone":21,"minecraft:gravel":99,"minecraft:stone_axe":1,"cgm:pistol":1,"minecraft:golden_chestplate":3,"alexsmobs:animal_dictionary":2,"minecraft:cobbled_deepslate":836,"tombstone:gift":5,"born_in_chaos_v1:ethereal_spirit":6,"minecraft:rotten_flesh":2,"minecraft:oak_planks":45,"cgm:workbench":2,"cgm:basic_bullet":49,"vampirism:vampire_blood_bottle":4,"born_in_chaos_v1:corpse_maggot":4,"minecraft:chest":4,"minecraft:arrow":30,"minecraft:light_gray_concrete_powder":5,"minecraft:egg":3,"minecraft:enchanted_book":1,"minecraft:diamond_leggings":1,"minecraft:feather":8,"minecraft:cobblestone":403,"minecraft:book":6,"minecraft:granite":66,"minecraft:coal":1,"minecraft:stick":4,"minecraft:gray_wool":1,"born_in_chaos_v1:river_mint":2,"minecraft:diorite":42,"minecraft:diamond_helmet":1,"tombstone:grave_dust":4,"minecraft:potion":3,"minecraft:iron_axe":3,"minecraft:chainmail_leggings":1,"minecraft:string":2,"minecraft:lily_pad":12,"minecraft:bricks":4,"cgm:advanced_bullet":124,"minecraft:sweet_berries":4,"minecraft:tuff":164,"epicfight:diamond_tachi":2,"vampirism:heart_striker_enhanced":1,"justenoughdrugz:sulfur":15,"minecraft:diamond_chestplate":1,"minecraft:andesite":66,"minecraft:golden_leggings":1,"minecraft:diamond_boots":1,"minecraft:bow":3,"minecraft:wooden_pickaxe":3,"born_in_chaos_v1:supreme_measure":1,"epicfight:skillbook":2},"minecraft:used":{"minecraft:chest":9,"minecraft:tuff":11,"minecraft:milk_bucket":2,"vampirism:item_tent":1,"minecraft:red_wool":56,"minecraft:bedrock":47,"minecraft:furnace":3,"minecraft:egg":3,"cgm:heavy_rifle":368,"epicfight:skillbook":2,"minecraft:stone_pickaxe":131,"minecraft:wooden_pickaxe":4,"minecraft:sandstone":4433,"minecraft:golden_apple":4,"minecraft:sand":1986,"minecraft:chiseled_sandstone":1122,"vampirism:cursed_earth":1,"tombstone:grave_key":1,"justenoughdrugz:weed_seed":15,"minecraft:oak_boat":6,"minecraft:bone_meal":51,"minecraft:oak_fence":26,"minecraft:orange_bed":3,"minecraft:torch":72,"minecraft:dirt":37,"cgm:workbench":2,"minecraft:diamond_helmet":2,"minecraft:oak_fence_gate":2,"minecraft:iron_hoe":38,"born_in_chaos_v1:supreme_measure":31,"minecraft:iron_axe":20,"minecraft:smooth_sandstone":347,"epicfight:diamond_tachi":352,"tombstone:gift":2,"minecraft:cooked_beef":30,"minecraft:cobbled_deepslate":64,"minecraft:wheat_seeds":47,"minecraft:cooked_mutton":12,"vampirism:coffin":1,"vampirism:altar_inspiration":1,"cgm:pistol":63,"minecraft:cut_sandstone":259,"minecraft:crafting_table":10,"minecraft:light_gray_concrete_powder":3,"minecraft:iron_pickaxe":907,"minecraft:stone_axe":88,"minecraft:cobblestone":373,"minecraft:cooked_porkchop":4,"alexsmobs:animal_dictionary":1},"minecraft:killed_by":{"born_in_chaos_v1:nightmare_stalker":1,"minecraft:zombie":1,"born_in_chaos_v1:scarlet_persecutor":1,"minecraft:spider":2}},"DataVersion":2975}