{"stats":{"minecraft:killed_by":{"born_in_chaos_v1:nightmare_stalker":1,"minecraft:spider":1,"minecraft:zombie":1,"born_in_chaos_v1:scarlet_persecutor":1},"minecraft:broken":{"minecraft:diamond_helmet":2,"minecraft:stone_pickaxe":1,"minecraft:iron_pickaxe":3},"minecraft:killed":{"graveyard:skeleton_creeper":1,"alexsmobs:anaconda":1,"alexsmobs:raccoon":1,"born_in_chaos_v1:pumpkin_spirit":1,"minecraft:spider":3,"born_in_chaos_v1:zombie_bruiser":2,"born_in_chaos_v1:maggot":14,"born_in_chaos_v1:scarlet_persecutor":4,"minecraft:skeleton":22,"vampirism:blinding_bat":1,"minecraft:chicken":3,"whisperwoods:wisp":1,"vampirism:advanced_hunter":14,"born_in_chaos_v1:baby_skeleton_2":1,"born_in_chaos_v1:supreme_bonescaller_stage_2":1,"born_in_chaos_v1:barrel_zombie":3,"born_in_chaos_v1:fallen_chaos_knight":2,"born_in_chaos_v1:bonescaller":1,"minecraft:pig":4,"born_in_chaos_v1:bone_imp_minion":2,"born_in_chaos_v1:baby_skeleton":1,"minecraft:bat":1,"minecraft:creeper":4,"born_in_chaos_v1:decrepit_skeleton":3,"vampirism:hunter":16,"whisperwoods:zotzpyre":1,"minecraft:sheep":6,"minecraft:pillager":2,"born_in_chaos_v1:bloody_gadfly":2,"born_in_chaos_v1:zombie_fisherman":6,"born_in_chaos_v1:decaying_zombie":1,"alexsmobs:cockroach":1,"minecraft:zombie":29,"alexsmobs:elephant":3,"born_in_chaos_v1:corpse_fly":7,"born_in_chaos_v1:dark_vortex":1,"minecraft:stray":4,"born_in_chaos_v1:nightmare_stalker":1,"minecraft:cow":7},"minecraft:dropped":{"minecraft:enchanted_book":1,"minecraft:cooked_beef":10,"minecraft:oak_log":1,"minecraft:diamond_leggings":1,"minecraft:cobblestone":403,"minecraft:feather":8,"minecraft:book":6,"minecraft:leather":24,"minecraft:granite":66,"minecraft:coal":1,"minecraft:stick":4,"born_in_chaos_v1:monster_flesh":2,"minecraft:dirt":112,"minecraft:gray_wool":1,"minecraft:diorite":42,"born_in_chaos_v1:river_mint":2,"minecraft:diamond_helmet":1,"tombstone:grave_dust":4,"minecraft:potion":3,"minecraft:wooden_sword":2,"minecraft:phantom_membrane":4,"minecraft:iron_axe":3,"minecraft:chainmail_leggings":1,"minecraft:string":2,"minecraft:lily_pad":12,"minecraft:white_wool":1,"minecraft:bone":21,"minecraft:gravel":99,"minecraft:bricks":4,"cgm:pistol":1,"minecraft:stone_axe":1,"cgm:advanced_bullet":124,"minecraft:sweet_berries":4,"minecraft:golden_chestplate":3,"alexsmobs:animal_dictionary":2,"minecraft:cobbled_deepslate":836,"minecraft:tuff":164,"born_in_chaos_v1:ethereal_spirit":6,"tombstone:gift":5,"epicfight:diamond_tachi":2,"minecraft:rotten_flesh":2,"minecraft:oak_planks":45,"cgm:workbench":2,"justenoughdrugz:sulfur":15,"cgm:basic_bullet":49,"vampirism:vampire_blood_bottle":4,"minecraft:diamond_chestplate":1,"minecraft:andesite":66,"born_in_chaos_v1:corpse_maggot":4,"minecraft:golden_leggings":1,"minecraft:chest":4,"minecraft:diamond_boots":1,"minecraft:arrow":30,"minecraft:bow":3,"minecraft:wooden_pickaxe":3,"minecraft:light_gray_concrete_powder":5,"epicfight:skillbook":2,"minecraft:egg":3},"minecraft:picked_up":{"minecraft:charcoal":11,"minecraft:crafting_table":6,"minecraft:wheat":24,"cgm:basic_bullet":128,"minecraft:chicken":3,"born_in_chaos_v1:river_mint":8,"minecraft:wooden_pickaxe":5,"minecraft:enchanted_book":4,"minecraft:potion":5,"minecraft:brewing_stand":2,"minecraft:shield":1,"alexsmobs:gazelle_horn":4,"minecraft:string":7,"minecraft:raw_copper":83,"minecraft:iron_axe":5,"minecraft:wooden_sword":4,"minecraft:pufferfish":1,"alexsmobs:emu_feather":2,"vampirism:cursed_earth":1,"minecraft:cobbled_deepslate":1413,"minecraft:beef":13,"minecraft:wooden_shovel":1,"minecraft:oak_boat":5,"justenoughdrugz:weed_seed":35,"minecraft:poppy":1,"minecraft:sugar_cane":16,"cgm:advanced_bullet":732,"minecraft:chest":4,"minecraft:phantom_membrane":12,"minecraft:egg":7,"minecraft:furnace":2,"minecraft:raw_iron":75,"vampirism:holy_salt":6,"minecraft:stick":8,"justenoughdrugz:weed":7,"born_in_chaos_v1:shattered_skull":1,"minecraft:torch":12,"minecraft:spruce_fence":1,"epicfight:skillbook":5,"minecraft:porkchop":13,"vampirism:holy_water_bottle_enhanced":2,"tombstone:grave_dust":12,"minecraft:diorite":84,"minecraft:golden_chestplate":5,"minecraft:orange_bed":2,"minecraft:arrow":84,"minecraft:rotten_flesh":43,"minecraft:cod":1,"alexsmobs:emu_egg":1,"minecraft:saddle":1,"minecraft:mutton":14,"minecraft:iron_bars":16,"minecraft:oxeye_daisy":1,"minecraft:white_wool":8,"minecraft:cobblestone":652,"born_in_chaos_v1:monster_flesh":4,"born_in_chaos_v1:corpse_maggot":35,"born_in_chaos_v1:staffof_magic_arrows":1,"minecraft:lilac":1,"vampirism:vampire_blood_bottle":8,"minecraft:feather":19,"minecraft:cooked_beef":4,"vampirism:item_tent":2,"minecraft:andesite":132,"minecraft:leather":40,"minecraft:golden_leggings":3,"minecraft:magenta_dye":2,"minecraft:tuff":249,"minecraft:oak_log":61,"minecraft:lily_pad":14,"cgm:heavy_rifle":1,"minecraft:gunpowder":3,"minecraft:lapis_lazuli":2,"minecraft:dirt":238,"tombstone:gift":9,"minecraft:paper":19,"minecraft:white_banner":1,"minecraft:light_gray_concrete_powder":5,"minecraft:polished_granite":2,"born_in_chaos_v1:marigolds":3,"minecraft:bone":50,"vampirism:human_heart":3,"minecraft:bow":6,"minecraft:wheat_seeds":68,"vampirism:item_garlic":2,"minecraft:iron_ingot":1,"minecraft:diamond_helmet":1,"vampirism:holy_water_bottle_ultimate":1,"minecraft:oak_planks":117,"minecraft:book":18,"justenoughdrugz:sulfur":25,"minecraft:sweet_berries":4,"born_in_chaos_v1:orbofthe_summoner":1,"born_in_chaos_v1:ethereal_spirit":18,"minecraft:gravel":170,"justenoughdrugz:unrefined_oil":2,"minecraft:sand":19,"minecraft:ink_sac":2,"minecraft:spider_eye":4,"alexsmobs:animal_dictionary":3,"minecraft:iron_hoe":1,"minecraft:bundle":3,"cgm:pistol":1,"minecraft:light_gray_concrete":3,"epicfight:diamond_tachi":5,"tombstone:familiar_stone":1,"minecraft:slime_ball":1,"minecraft:stone_axe":3,"minecraft:diamond":61,"minecraft:chainmail_leggings":3,"minecraft:granite":137,"minecraft:gray_wool":3,"born_in_chaos_v1:rotten_fish":4,"minecraft:coal":42,"minecraft:bricks":8,"cgm:workbench":3},"minecraft:crafted":{"minecraft:light_gray_concrete_powder":8,"minecraft:oak_planks":196,"minecraft:furnace":1,"minecraft:bone_meal":51,"minecraft:orange_wool":3,"minecraft:cooked_mutton":9,"minecraft:glass":15,"minecraft:diamond_helmet":2,"minecraft:diamond_leggings":1,"vampirism:altar_inspiration":1,"minecraft:iron_hoe":1,"minecraft:stone_pickaxe":1,"minecraft:chest":8,"minecraft:diamond_boots":1,"minecraft:magenta_dye":2,"cgm:workbench":1,"minecraft:oak_fence":36,"minecraft:cooked_beef":13,"minecraft:glass_bottle":12,"minecraft:diamond_sword":2,"minecraft:cooked_porkchop":9,"minecraft:crafting_table":4,"minecraft:wooden_pickaxe":1,"minecraft:copper_ingot":81,"minecraft:bucket":1,"minecraft:stone_axe":1,"minecraft:orange_dye":3,"minecraft:air":0,"minecraft:oak_fence_gate":2,"minecraft:oak_boat":3,"minecraft:charcoal":2,"minecraft:stick":72,"minecraft:iron_pickaxe":4,"minecraft:iron_ingot":75,"minecraft:light_gray_dye":1,"epicfight:diamond_tachi":2,"minecraft:torch":8,"minecraft:orange_bed":1,"minecraft:diamond_chestplate":1},"minecraft:mined":{"justenoughdrugz:sulfur_ore":5,"minecraft:tuff":51,"minecraft:deepslate_diamond_ore":61,"minecraft:brewing_stand":2,"minecraft:granite":38,"minecraft:spruce_fence":1,"minecraft:grass_block":23,"minecraft:oxeye_daisy":1,"minecraft:furnace":2,"minecraft:iron_ore":63,"justenoughdrugz:oil_ore":1,"minecraft:cobbled_deepslate":5,"minecraft:andesite":33,"vampirism:tent":1,"minecraft:bookshelf":2,"minecraft:deepslate_iron_ore":12,"minecraft:vine":1,"minecraft:iron_bars":10,"minecraft:light_gray_concrete":3,"minecraft:stone":241,"minecraft:orange_bed":1,"born_in_chaos_v1:marigolds":3,"justenoughdrugz:weed_plant":7,"minecraft:dandelion":1,"vampirism:tent_main":1,"minecraft:polished_granite":1,"minecraft:torch":9,"minecraft:crafting_table":6,"minecraft:poppy":1,"minecraft:copper_ore":22,"minecraft:tall_grass":5,"minecraft:sugar_cane":3,"minecraft:lily_pad":1,"minecraft:bricks":2,"minecraft:diorite":21,"minecraft:wall_torch":1,"minecraft:wheat":24,"minecraft:lilac":1,"minecraft:birch_leaves":3,"born_in_chaos_v1:river_mint":5,"minecraft:grass":41,"minecraft:coal_ore":40,"minecraft:oak_log":57,"minecraft:gravel":16,"minecraft:dirt":55,"minecraft:sand":19,"vampirism:cursed_grass_block":2,"minecraft:deepslate":404,"minecraft:oak_leaves":8},"minecraft:used":{"minecraft:oak_fence":26,"minecraft:chest":8,"minecraft:orange_bed":3,"minecraft:torch":72,"minecraft:dirt":37,"cgm:workbench":2,"minecraft:diamond_helmet":2,"minecraft:tuff":11,"minecraft:oak_fence_gate":2,"minecraft:milk_bucket":2,"minecraft:iron_hoe":35,"vampirism:item_tent":1,"minecraft:iron_axe":20,"epicfight:diamond_tachi":229,"minecraft:furnace":3,"tombstone:gift":2,"minecraft:egg":3,"cgm:heavy_rifle":305,"minecraft:cooked_beef":30,"minecraft:cooked_mutton":12,"minecraft:cobbled_deepslate":64,"epicfight:skillbook":1,"minecraft:wheat_seeds":44,"vampirism:altar_inspiration":1,"minecraft:stone_pickaxe":131,"cgm:pistol":63,"minecraft:wooden_pickaxe":4,"minecraft:golden_apple":4,"minecraft:crafting_table":10,"minecraft:light_gray_concrete_powder":3,"minecraft:iron_pickaxe":905,"vampirism:cursed_earth":1,"tombstone:grave_key":1,"minecraft:stone_axe":83,"minecraft:cooked_porkchop":4,"justenoughdrugz:weed_seed":15,"minecraft:oak_boat":6,"alexsmobs:animal_dictionary":1,"minecraft:bone_meal":51},"minecraft:custom":{"minecraft:mob_kills":197,"minecraft:animals_bred":8,"minecraft:interact_with_crafting_table":41,"minecraft:damage_dealt_resisted":1284,"minecraft:eat_cake_slice":1,"minecraft:leave_game":25,"minecraft:damage_resisted":10,"minecraft:time_since_death":6425,"minecraft:climb_one_cm":5368,"minecraft:sprint_one_cm":1295966,"minecraft:walk_one_cm":2694552,"minecraft:drop":137,"vampirism:infected_creatures":2,"minecraft:play_time":566263,"minecraft:sneak_time":5064,"minecraft:deaths":4,"minecraft:walk_under_water_one_cm":13855,"minecraft:boat_one_cm":112651,"minecraft:jump":5773,"minecraft:walk_on_water_one_cm":29395,"minecraft:total_world_time":566263,"minecraft:interact_with_furnace":40,"tombstone:raider_killed":2,"minecraft:sleep_in_bed":17,"minecraft:time_since_rest":27,"minecraft:damage_taken":105028,"minecraft:damage_absorbed":108,"minecraft:damage_dealt":9372,"minecraft:player_kills":1,"minecraft:swim_one_cm":40042,"minecraft:fly_one_cm":445179,"minecraft:open_chest":170,"minecraft:crouch_one_cm":17871,"tombstone:undead_killed":79,"minecraft:fall_one_cm":46724}},"DataVersion":2975}