{"stats":{"minecraft:killed_by":{"born_in_chaos_v1:nightmare_stalker":1,"born_in_chaos_v1:scarlet_persecutor":1},"minecraft:broken":{"minecraft:diamond_helmet":1,"minecraft:stone_pickaxe":1,"minecraft:iron_pickaxe":3},"minecraft:killed":{"graveyard:skeleton_creeper":1,"alexsmobs:anaconda":1,"born_in_chaos_v1:pumpkin_spirit":1,"minecraft:spider":2,"born_in_chaos_v1:zombie_bruiser":2,"born_in_chaos_v1:scarlet_persecutor":4,"born_in_chaos_v1:maggot":7,"minecraft:skeleton":19,"vampirism:blinding_bat":1,"minecraft:chicken":2,"whisperwoods:wisp":1,"vampirism:advanced_hunter":9,"born_in_chaos_v1:baby_skeleton_2":1,"born_in_chaos_v1:barrel_zombie":1,"born_in_chaos_v1:fallen_chaos_knight":2,"born_in_chaos_v1:bonescaller":1,"minecraft:pig":4,"born_in_chaos_v1:baby_skeleton":1,"minecraft:bat":1,"minecraft:creeper":2,"born_in_chaos_v1:decrepit_skeleton":2,"vampirism:hunter":12,"whisperwoods:zotzpyre":1,"minecraft:sheep":6,"born_in_chaos_v1:zombie_fisherman":2,"minecraft:pillager":2,"born_in_chaos_v1:decaying_zombie":1,"minecraft:zombie":20,"alexsmobs:cockroach":1,"born_in_chaos_v1:corpse_fly":2,"born_in_chaos_v1:dark_vortex":1,"minecraft:stray":4,"born_in_chaos_v1:nightmare_stalker":1,"minecraft:cow":7},"minecraft:dropped":{"minecraft:cooked_beef":10,"minecraft:oak_log":1,"minecraft:diamond_leggings":1,"minecraft:cobblestone":3,"minecraft:diamond_helmet":1,"tombstone:grave_dust":1,"minecraft:lily_pad":12,"minecraft:white_wool":1,"minecraft:bone":11,"cgm:pistol":1,"minecraft:sweet_berries":4,"tombstone:gift":1,"epicfight:diamond_tachi":1,"minecraft:rotten_flesh":2,"minecraft:oak_planks":5,"cgm:basic_bullet":49,"minecraft:diamond_chestplate":1,"born_in_chaos_v1:corpse_maggot":4,"minecraft:diamond_boots":1,"minecraft:light_gray_concrete_powder":5,"minecraft:egg":2},"minecraft:picked_up":{"minecraft:charcoal":11,"minecraft:crafting_table":6,"cgm:basic_bullet":128,"minecraft:chicken":2,"born_in_chaos_v1:river_mint":1,"minecraft:brewing_stand":1,"minecraft:string":3,"minecraft:raw_copper":82,"minecraft:iron_axe":1,"minecraft:wooden_sword":1,"vampirism:cursed_earth":1,"minecraft:cobbled_deepslate":404,"minecraft:beef":13,"minecraft:oak_boat":4,"justenoughdrugz:weed_seed":7,"minecraft:sugar_cane":8,"cgm:advanced_bullet":544,"minecraft:furnace":2,"minecraft:egg":4,"vampirism:holy_salt":3,"minecraft:raw_iron":75,"minecraft:torch":11,"minecraft:spruce_fence":1,"epicfight:skillbook":1,"minecraft:porkchop":9,"vampirism:holy_water_bottle_enhanced":2,"tombstone:grave_dust":6,"minecraft:diorite":21,"minecraft:golden_chestplate":1,"minecraft:orange_bed":1,"minecraft:arrow":21,"minecraft:rotten_flesh":18,"minecraft:mutton":11,"minecraft:iron_bars":10,"minecraft:white_wool":6,"minecraft:cobblestone":236,"minecraft:oxeye_daisy":1,"born_in_chaos_v1:corpse_maggot":10,"minecraft:cooked_beef":4,"minecraft:feather":4,"vampirism:vampire_blood_bottle":2,"minecraft:lilac":1,"born_in_chaos_v1:monster_flesh":1,"vampirism:item_tent":2,"minecraft:andesite":33,"minecraft:leather":8,"minecraft:golden_leggings":1,"minecraft:tuff":51,"minecraft:oak_log":41,"minecraft:lily_pad":14,"cgm:heavy_rifle":1,"minecraft:gunpowder":1,"minecraft:dirt":68,"minecraft:white_banner":1,"tombstone:gift":2,"minecraft:polished_granite":1,"minecraft:light_gray_concrete_powder":5,"born_in_chaos_v1:marigolds":3,"minecraft:bone":26,"vampirism:human_heart":1,"minecraft:bow":2,"minecraft:wheat_seeds":1,"vampirism:item_garlic":2,"minecraft:iron_ingot":1,"minecraft:diamond_helmet":1,"minecraft:oak_planks":39,"minecraft:book":6,"justenoughdrugz:sulfur":5,"minecraft:sweet_berries":4,"born_in_chaos_v1:ethereal_spirit":6,"minecraft:gravel":38,"justenoughdrugz:unrefined_oil":1,"minecraft:sand":4,"minecraft:spider_eye":2,"minecraft:bundle":2,"cgm:pistol":1,"minecraft:light_gray_concrete":3,"epicfight:diamond_tachi":3,"minecraft:diamond":61,"minecraft:chainmail_leggings":1,"minecraft:granite":33,"minecraft:gray_wool":1,"minecraft:bricks":2,"minecraft:coal":40},"minecraft:crafted":{"minecraft:light_gray_concrete_powder":8,"minecraft:oak_planks":116,"minecraft:furnace":1,"minecraft:orange_wool":3,"minecraft:cooked_mutton":9,"minecraft:diamond_helmet":1,"minecraft:diamond_leggings":1,"minecraft:stone_pickaxe":1,"minecraft:chest":4,"minecraft:diamond_boots":1,"minecraft:magenta_dye":2,"cgm:workbench":1,"minecraft:cooked_beef":13,"minecraft:diamond_sword":2,"minecraft:cooked_porkchop":3,"minecraft:crafting_table":4,"minecraft:wooden_pickaxe":1,"minecraft:copper_ingot":81,"minecraft:stone_axe":1,"minecraft:orange_dye":3,"minecraft:air":0,"minecraft:oak_boat":3,"minecraft:charcoal":2,"minecraft:stick":20,"minecraft:iron_ingot":75,"minecraft:iron_pickaxe":4,"minecraft:light_gray_dye":1,"epicfight:diamond_tachi":2,"minecraft:orange_bed":1,"minecraft:torch":8,"minecraft:diamond_chestplate":1},"minecraft:used":{"minecraft:chest":4,"minecraft:orange_bed":2,"minecraft:torch":72,"minecraft:dirt":37,"cgm:workbench":1,"minecraft:diamond_helmet":1,"minecraft:tuff":11,"vampirism:item_tent":1,"epicfight:diamond_tachi":126,"minecraft:furnace":3,"tombstone:gift":2,"minecraft:egg":1,"minecraft:cooked_beef":30,"minecraft:cobbled_deepslate":1,"cgm:heavy_rifle":192,"minecraft:cooked_mutton":12,"cgm:pistol":63,"minecraft:stone_pickaxe":131,"minecraft:wooden_pickaxe":4,"minecraft:golden_apple":4,"minecraft:crafting_table":9,"minecraft:light_gray_concrete_powder":3,"minecraft:iron_pickaxe":893,"vampirism:cursed_earth":1,"minecraft:stone_axe":83,"minecraft:cooked_porkchop":2,"minecraft:oak_boat":6},"minecraft:mined":{"justenoughdrugz:sulfur_ore":5,"minecraft:tuff":51,"minecraft:deepslate_diamond_ore":61,"minecraft:brewing_stand":2,"minecraft:granite":33,"minecraft:spruce_fence":1,"minecraft:grass_block":21,"minecraft:oxeye_daisy":1,"minecraft:furnace":2,"minecraft:iron_ore":63,"justenoughdrugz:oil_ore":1,"minecraft:andesite":33,"vampirism:tent":1,"minecraft:bookshelf":2,"minecraft:deepslate_iron_ore":12,"minecraft:vine":1,"minecraft:iron_bars":10,"minecraft:light_gray_concrete":3,"minecraft:stone":239,"minecraft:orange_bed":1,"born_in_chaos_v1:marigolds":3,"vampirism:tent_main":1,"minecraft:polished_granite":1,"minecraft:crafting_table":6,"minecraft:torch":9,"minecraft:copper_ore":22,"minecraft:tall_grass":5,"minecraft:lily_pad":1,"minecraft:sugar_cane":3,"minecraft:bricks":2,"minecraft:diorite":21,"minecraft:wall_torch":1,"minecraft:lilac":1,"born_in_chaos_v1:river_mint":1,"minecraft:grass":17,"minecraft:oak_log":37,"minecraft:coal_ore":40,"minecraft:gravel":16,"minecraft:sand":4,"minecraft:dirt":55,"vampirism:cursed_grass_block":2,"minecraft:oak_leaves":8,"minecraft:deepslate":404},"minecraft:custom":{"minecraft:mob_kills":128,"minecraft:interact_with_crafting_table":26,"minecraft:damage_dealt_resisted":936,"minecraft:eat_cake_slice":1,"minecraft:leave_game":17,"minecraft:time_since_death":25946,"minecraft:climb_one_cm":4881,"minecraft:sprint_one_cm":1024510,"minecraft:walk_one_cm":1728549,"minecraft:drop":31,"minecraft:play_time":317309,"minecraft:sneak_time":4060,"minecraft:deaths":2,"minecraft:walk_under_water_one_cm":5178,"minecraft:boat_one_cm":112651,"minecraft:jump":3395,"minecraft:walk_on_water_one_cm":27011,"minecraft:total_world_time":317309,"minecraft:interact_with_furnace":34,"tombstone:raider_killed":2,"minecraft:sleep_in_bed":8,"minecraft:time_since_rest":26115,"minecraft:damage_taken":2814,"minecraft:damage_absorbed":108,"minecraft:damage_dealt":6235,"minecraft:swim_one_cm":40042,"minecraft:fly_one_cm":250544,"minecraft:open_chest":86,"minecraft:crouch_one_cm":17217,"tombstone:undead_killed":57,"minecraft:fall_one_cm":23093}},"DataVersion":2975}