{"stats":{"minecraft:killed_by":{"vampirism:advanced_vampire":1,"minecraft:wither_skeleton":5,"minecraft:piglin_brute":17,"minecraft:pillager":11,"born_in_chaos_v1:zombie_bruiser":2,"born_in_chaos_v1:zombie_fisherman":2,"born_in_chaos_v1:corpse_fly":3,"graveyard:acolyte":3,"minecraft:vindicator":3,"born_in_chaos_v1:diamond_termite":1,"minecraft:cave_spider":7,"minecraft:witch":14,"minecraft:zombie":7,"alexsmobs:grizzly_bear":2,"vampirism:hunter":4,"vampirism:vampire":1,"minecraft:vex":3,"minecraft:husk":7,"minecraft:player":2,"born_in_chaos_v1:restless_spirit":1,"vampirism:advanced_hunter":10,"minecraft:stray":11,"born_in_chaos_v1:skeleton_thrasher":1,"born_in_chaos_v1:firelight":1,"whisperwoods:zotzpyre":3,"alexsmobs:bison":1,"born_in_chaos_v1:decaying_zombie":2,"alexsmobs:raccoon":1,"minecraft:skeleton":3,"minecraft:guardian":1,"born_in_chaos_v1:corpse_fish":1,"graveyard:corrupted_vindicator":1,"graveyard:corrupted_pillager":1,"born_in_chaos_v1:dread_hound":4},"minecraft:used":{"minecraft:iron_shovel":56,"born_in_chaos_v1:intoxicating_decoction":3,"minecraft:chest":5,"minecraft:ladder":1,"minecraft:shield":508,"minecraft:stone":50,"minecraft:iron_sword":94,"securitycraft:keypad_item":1,"minecraft:obsidian":16,"minecraft:lava_bucket":11,"minecraft:red_wool":133,"minecraft:grass_block":1,"minecraft:netherite_hoe":38,"minecraft:stone_brick_stairs":1,"minecraft:bedrock":12,"minecraft:bow":38,"minecraft:furnace":2,"minecraft:egg":1,"cgm:heavy_rifle":2,"minecraft:golden_boots":1,"epicfight:skillbook":18,"minecraft:mossy_stone_bricks":1,"epicfight:netherite_greatsword":1647,"minecraft:stone_pickaxe":214,"minecraft:oak_planks":102,"minecraft:ender_pearl":8,"minecraft:wooden_pickaxe":91,"vampirism:human_heart":8,"minecraft:sandstone":3326,"minecraft:white_wool":2,"minecraft:golden_apple":6,"minecraft:golden_hoe":1,"minecraft:sand":850,"minecraft:crossbow":20,"minecraft:gray_concrete":128,"minecraft:black_bed":23,"epicfight:iron_tachi":44,"minecraft:black_concrete":191,"minecraft:chiseled_sandstone":1173,"minecraft:light_gray_concrete":11,"minecraft:melon_slice":57,"minecraft:bread":1,"minecraft:diamond_sword":338,"minecraft:oak_boat":3,"minecraft:iron_bars":6,"minecraft:jungle_leaves":3,"minecraft:trident":3,"minecraft:flint_and_steel":1,"minecraft:red_concrete":86,"minecraft:netherrack":127,"minecraft:torch":257,"minecraft:dirt":16,"minecraft:anvil":2,"born_in_chaos_v1:supreme_measure":108,"minecraft:iron_axe":378,"minecraft:smooth_sandstone":8,"minecraft:glowstone":120,"tombstone:gift":8,"minecraft:cooked_beef":7,"minecraft:cobbled_deepslate":178,"vampirism:item_med_chair":1,"minecraft:golden_axe":5,"minecraft:iron_leggings":1,"minecraft:cooked_mutton":3,"minecraft:water_bucket":29,"minecraft:acacia_boat":2,"minecraft:cobblestone_stairs":1,"minecraft:glass_bottle":1,"minecraft:polished_andesite":1,"minecraft:cut_sandstone":4,"graveyard:bone_dagger":64,"minecraft:mossy_cobblestone":2,"minecraft:tnt":3,"minecraft:crafting_table":19,"minecraft:white_bed":5,"minecraft:cod":1,"minecraft:diamond_shovel":54,"minecraft:ender_eye":1,"minecraft:diamond_pickaxe":1369,"minecraft:iron_pickaxe":1132,"minecraft:fishing_rod":14,"minecraft:cobblestone":154,"minecraft:potion":8,"minecraft:bucket":41,"epicfight:uchigatana":184},"minecraft:mined":{"minecraft:dark_oak_planks":16,"minecraft:blue_carpet":1,"minecraft:spruce_planks":12,"minecraft:white_bed":4,"minecraft:stone_pressure_plate":1,"minecraft:farmland":1,"minecraft:jungle_leaves":12,"minecraft:red_nether_bricks":1,"minecraft:spruce_trapdoor":2,"minecraft:obsidian":12,"minecraft:granite":75,"minecraft:stripped_crimson_hyphae":6,"minecraft:chiseled_polished_blackstone":2,"minecraft:acacia_log":8,"minecraft:grass_block":59,"vampirism:weapon_table":1,"minecraft:coal_block":1,"minecraft:chiseled_stone_bricks":7,"minecraft:spawner":2,"minecraft:tall_seagrass":1,"minecraft:polished_blackstone_bricks":4,"minecraft:mossy_cobblestone_stairs":1,"minecraft:iron_ore":30,"minecraft:cobbled_deepslate":21,"minecraft:black_carpet":1,"minecraft:anvil":2,"minecraft:nether_brick_stairs":6,"minecraft:iron_bars":30,"minecraft:light_gray_concrete":20,"minecraft:spruce_slab":1,"minecraft:brown_mushroom":1,"minecraft:kelp_plant":3,"minecraft:crimson_nylium":8,"born_in_chaos_v1:infected_deepslate_diamond_ore":2,"minecraft:torch":6,"minecraft:jungle_stairs":1,"minecraft:melon":24,"minecraft:mushroom_stem":89,"minecraft:glass":1,"minecraft:cobblestone":18,"minecraft:oak_planks":11,"minecraft:sugar_cane":1,"minecraft:bricks":6,"vampirism:vampire_spruce_leaves":1,"minecraft:wall_torch":7,"minecraft:jungle_wood":20,"minecraft:nether_wart_block":1,"justenoughdrugz:lithium_ore":2,"minecraft:tnt":3,"minecraft:black_bed":23,"minecraft:stone_brick_stairs":2,"minecraft:grass":66,"minecraft:oak_log":58,"minecraft:dirt":90,"minecraft:sand":29,"minecraft:smooth_quartz":11,"minecraft:netherrack":125,"minecraft:oak_leaves":30,"minecraft:deepslate":1132,"minecraft:diamond_ore":2,"minecraft:tuff":43,"minecraft:light_gray_stained_glass_pane":1,"minecraft:mossy_cobblestone":18,"minecraft:deepslate_diamond_ore":106,"born_in_chaos_v1:infected_diamond_ore":1,"minecraft:nether_bricks":14,"minecraft:glow_lichen":1,"minecraft:ladder":2,"minecraft:jungle_planks":4,"born_in_chaos_v1:black_argillite":2,"minecraft:redstone_wire":1,"minecraft:birch_slab":1,"minecraft:moss_block":2,"minecraft:red_mushroom":1,"minecraft:sandstone":2,"minecraft:furnace":2,"minecraft:andesite":60,"minecraft:gold_block":16,"minecraft:mossy_stone_brick_stairs":3,"minecraft:deepslate_iron_ore":10,"minecraft:vine":4,"minecraft:stone":765,"minecraft:bone_block":2,"minecraft:white_wool":2,"minecraft:acacia_leaves":6,"minecraft:gray_concrete":1,"minecraft:polished_granite":1,"minecraft:crafting_table":13,"minecraft:lectern":1,"minecraft:copper_ore":4,"minecraft:tall_grass":18,"minecraft:lily_pad":1,"minecraft:polished_blackstone_brick_stairs":2,"minecraft:diorite":2,"minecraft:orange_carpet":3,"minecraft:spruce_stairs":8,"minecraft:birch_planks":1,"minecraft:birch_leaves":3,"minecraft:purple_concrete":4,"minecraft:coal_ore":43,"minecraft:gravel":31,"minecraft:cobweb":25,"minecraft:cracked_stone_bricks":8,"minecraft:polished_andesite":7,"minecraft:stone_bricks":2,"minecraft:mossy_stone_bricks":11,"minecraft:fern":1},"minecraft:killed":{"born_in_chaos_v1:zombie_clown":2,"vampirism:vampire":9,"minecraft:cave_spider":30,"minecraft:witch":1,"graveyard:skeleton_creeper":1,"vampirism:advanced_vampire":2,"born_in_chaos_v1:restless_spirit":4,"born_in_chaos_v1:skeleton_demoman":1,"vampirism:converted_creature":1,"minecraft:spider":50,"born_in_chaos_v1:baby_skeleton_minion":4,"born_in_chaos_v1:scarlet_persecutor":4,"minecraft:skeleton":33,"vampirism:blinding_bat":2,"minecraft:guardian":1,"graveyard:acolyte":5,"minecraft:chicken":2,"whisperwoods:wisp":1,"vampirism:advanced_hunter":10,"born_in_chaos_v1:baby_skeleton_2":1,"vampirism:converted_sheep":1,"minecraft:piglin_brute":36,"minecraft:magma_cube":1,"minecraft:piglin":16,"born_in_chaos_v1:bonescaller":2,"minecraft:pig":2,"born_in_chaos_v1:diamond_termite":4,"minecraft:zombie_villager":2,"born_in_chaos_v1:wither_scuttler":2,"vampirism:converted_cow":1,"minecraft:creeper":14,"born_in_chaos_v1:shy_spirit":1,"vampirism:hunter":50,"minecraft:sheep":13,"minecraft:pillager":10,"born_in_chaos_v1:zombie_fisherman":10,"minecraft:zombie":43,"born_in_chaos_v1:dread_hound":18,"born_in_chaos_v1:corpse_fly":52,"minecraft:stray":22,"alexsmobs:fly":1,"born_in_chaos_v1:door_knight":3,"graveyard:corrupted_pillager":10,"minecraft:cow":21,"minecraft:evoker":3,"graveyard:corrupted_vindicator":12,"alexsmobs:raccoon":4,"minecraft:vindicator":3,"alexsmobs:tasmanian_devil":2,"born_in_chaos_v1:zombie_bruiser":5,"born_in_chaos_v1:firelight":3,"born_in_chaos_v1:maggot":33,"minecraft:horse":1,"minecraft:drowned":11,"born_in_chaos_v1:barrel_zombie":5,"born_in_chaos_v1:fallen_chaos_knight":1,"minecraft:husk":5,"graveyard:ghoul":3,"born_in_chaos_v1:baby_skeleton":5,"born_in_chaos_v1:swarmer":5,"born_in_chaos_v1:spirit_guide_assistant":1,"minecraft:wandering_trader":1,"minecraft:hoglin":1,"man:manfromthefog":3,"born_in_chaos_v1:decrepit_skeleton":9,"whisperwoods:zotzpyre":14,"born_in_chaos_v1:bloody_gadfly":3,"born_in_chaos_v1:decaying_zombie":5,"alexsmobs:cockroach":1,"born_in_chaos_v1:dark_vortex":3,"born_in_chaos_v1:nightmare_stalker":1,"alexsmobs:crow":1,"minecraft:wither_skeleton":15,"minecraft:enderman":4},"minecraft:crafted":{"minecraft:oak_planks":224,"securitycraft:keypad_item":1,"minecraft:heavy_weighted_pressure_plate":1,"minecraft:cooked_mutton":3,"graveyard:bone_dagger":1,"minecraft:chest":7,"minecraft:ender_eye":5,"minecraft:golden_boots":3,"sophisticatedbackpacks:backpack":5,"minecraft:crafting_table":9,"minecraft:wooden_pickaxe":3,"sophisticatedbackpacks:upgrade_base":1,"minecraft:shield":2,"minecraft:diamond_pickaxe":2,"minecraft:stick":100,"minecraft:iron_ingot":43,"minecraft:iron_block":3,"minecraft:gold_ingot":15,"minecraft:furnace":1,"minecraft:stone_button":12,"minecraft:flint_and_steel":1,"minecraft:iron_axe":2,"minecraft:stone_pickaxe":1,"sophisticatedbackpacks:iron_backpack":3,"minecraft:cooked_beef":7,"minecraft:iron_sword":1,"sophisticatedbackpacks:gold_backpack":1,"minecraft:bucket":2,"minecraft:air":0,"minecraft:acacia_boat":1,"epicfight:iron_tachi":1,"minecraft:oak_boat":1,"minecraft:anvil":1,"minecraft:white_bed":1,"minecraft:acacia_planks":28,"minecraft:torch":176},"minecraft:broken":{"epicfight:stray_pants":2,"minecraft:golden_boots":3,"minecraft:iron_boots":1,"minecraft:iron_chestplate":3,"minecraft:iron_leggings":3,"minecraft:chainmail_boots":1,"minecraft:diamond_boots":1,"minecraft:chainmail_chestplate":1,"minecraft:netherite_leggings":1,"minecraft:golden_chestplate":1,"minecraft:leather_helmet":1,"minecraft:chainmail_helmet":1,"minecraft:wooden_pickaxe":2,"minecraft:shield":3,"minecraft:iron_axe":1,"minecraft:iron_pickaxe":2,"minecraft:iron_helmet":3,"epicfight:stray_hat":1,"epicfight:stray_robe":1},"minecraft:picked_up":{"minecraft:iron_chestplate":2,"minecraft:wheat":6,"minecraft:chainmail_boots":6,"minecraft:anvil":2,"minecraft:prismarine_shard":10,"justenoughdrugz:unrefined_lithium":3,"minecraft:lead":16,"minecraft:diamond_sword":6,"minecraft:enchanted_book":16,"minecraft:potion":3,"minecraft:stone_brick_stairs":1,"tombstone:grave_key":2,"born_in_chaos_v1:black_argillite":1,"minecraft:polished_blackstone_brick_stairs":2,"minecraft:string":123,"minecraft:raw_copper":13,"minecraft:iron_leggings":4,"minecraft:pufferfish":2,"vampirism:obi_belt":1,"minecraft:cobbled_deepslate":601,"minecraft:bucket":1,"minecraft:iron_pickaxe":6,"minecraft:ender_eye":1,"minecraft:smooth_quartz":11,"minecraft:melon_slice":133,"minecraft:iron_boots":3,"minecraft:furnace":3,"minecraft:stick":18,"minecraft:tipped_arrow":156,"epicfight:netherite_greatsword":13,"born_in_chaos_v1:shattered_skull":1,"minecraft:torch":44,"minecraft:acacia_log":7,"minecraft:spruce_stairs":8,"epicfight:skillbook":8,"minecraft:porkchop":9,"vampirism:holy_water_bottle_enhanced":2,"minecraft:golden_axe":2,"tombstone:grave_dust":20,"minecraft:diorite":2,"vampirism:vampire_fang":5,"born_in_chaos_v1:nightmare_claw":2,"vampirism:amulet":3,"tombstone:tablet_of_cupidity":1,"minecraft:black_dye":2,"vampirism:blood_bottle":10,"minecraft:rotten_flesh":132,"epicfight:stray_robe":2,"minecraft:obsidian":12,"minecraft:iron_bars":35,"minecraft:cod":2,"minecraft:blaze_powder":5,"minecraft:cobblestone":598,"minecraft:leather_chestplate":1,"vampirism:weapon_table":1,"minecraft:birch_slab":2,"minecraft:andesite":8,"minecraft:orange_carpet":3,"minecraft:black_bed":25,"minecraft:jungle_wood":12,"minecraft:potato":1,"minecraft:tuff":1,"minecraft:acacia_boat":1,"minecraft:gray_concrete":1,"minecraft:netherite_leggings":1,"minecraft:lapis_lazuli":1,"minecraft:dirt":99,"born_in_chaos_v1:monster_skin":4,"minecraft:bone":124,"minecraft:acacia_planks":1,"minecraft:bow":1,"minecraft:wheat_seeds":8,"vampirism:item_garlic":2,"minecraft:mossy_stone_bricks":6,"minecraft:oak_planks":151,"minecraft:mossy_stone_brick_stairs":3,"minecraft:chiseled_polished_blackstone":2,"minecraft:poisonous_potato":1,"graveyard:bone_dagger":1,"minecraft:sand":6,"minecraft:jungle_planks":4,"minecraft:nether_brick_stairs":2,"minecraft:spectral_arrow":16,"minecraft:mossy_cobblestone":18,"minecraft:jungle_leaves":3,"born_in_chaos_v1:supreme_measure":1,"minecraft:bundle":1,"minecraft:polished_andesite":6,"minecraft:light_gray_concrete":20,"born_in_chaos_v1:fire_dust":2,"tombstone:familiar_stone":1,"minecraft:diamond":233,"waystones:waystone":1,"minecraft:cracked_polished_blackstone_bricks":16,"minecraft:crossbow":3,"minecraft:granite":37,"minecraft:chainmail_helmet":5,"minecraft:golden_horse_armor":1,"minecraft:emerald":2,"alexsmobs:maggot":1,"born_in_chaos_v1:rotten_fish":3,"minecraft:netherrack":133,"minecraft:bricks":4,"minecraft:diamond_pickaxe":2,"minecraft:crafting_table":13,"minecraft:splash_potion":2,"born_in_chaos_v1:river_mint":2,"minecraft:ladder":3,"born_in_chaos_v1:seedof_chaos":5,"minecraft:gold_block":16,"minecraft:diamond_horse_armor":5,"minecraft:shield":1,"epicfight:stray_pants":4,"minecraft:iron_axe":2,"epicfight:stray_hat":2,"minecraft:iron_shovel":1,"born_in_chaos_v1:intoxicating_decoction":3,"minecraft:compass":2,"graveyard:corruption":30,"minecraft:cracked_stone_bricks":8,"minecraft:beef":45,"minecraft:oak_boat":2,"born_in_chaos_v1:gnawed_bones":6,"justenoughdrugz:weed_seed":12,"minecraft:spruce_slab":1,"minecraft:lectern":1,"minecraft:egg":3,"minecraft:raw_iron":43,"vampirism:holy_salt":13,"minecraft:stripped_crimson_hyphae":6,"minecraft:stone":15,"minecraft:copper_ingot":1,"sophisticatedbackpacks:backpack":2,"minecraft:fire_charge":1,"minecraft:polished_blackstone_bricks":8,"born_in_chaos_v1:pieceofdarkmetal":6,"minecraft:trident":2,"minecraft:blue_carpet":1,"minecraft:dark_oak_planks":12,"minecraft:tnt":3,"minecraft:arrow":67,"minecraft:beetroot_seeds":6,"minecraft:jungle_stairs":1,"minecraft:nether_bricks":10,"minecraft:gold_ingot":22,"minecraft:saddle":1,"tombstone:essence_of_undeath":1,"minecraft:totem_of_undying":1,"minecraft:mutton":27,"minecraft:bone_block":1,"minecraft:white_wool":19,"born_in_chaos_v1:corpse_maggot":49,"vampirism:vampire_blood_bottle":4,"minecraft:air":0,"minecraft:clock":1,"born_in_chaos_v1:monster_flesh":8,"minecraft:golden_carrot":2,"minecraft:salmon":2,"minecraft:leather":34,"minecraft:crimson_fungus":84,"minecraft:oak_log":63,"minecraft:chainmail_chestplate":4,"minecraft:golden_boots":1,"minecraft:nether_wart_block":1,"minecraft:gunpowder":15,"tombstone:gift":2,"minecraft:white_banner":3,"vampirism:human_heart":12,"minecraft:stone_bricks":63,"minecraft:kelp":1,"minecraft:iron_ingot":71,"tombstone:bag_of_seeds":2,"minecraft:glass_bottle":40,"minecraft:iron_sword":3,"minecraft:soul_sand":3,"minecraft:purple_concrete":4,"minecraft:book":3,"minecraft:chiseled_stone_bricks":5,"born_in_chaos_v1:ethereal_spirit":12,"minecraft:red_wool":1,"minecraft:quartz":18,"minecraft:gravel":54,"epicfight:uchigatana":2,"minecraft:white_bed":5,"minecraft:crying_obsidian":3,"minecraft:spider_eye":22,"minecraft:leather_helmet":1,"minecraft:diamond_shovel":1,"minecraft:slime_ball":1,"minecraft:chainmail_leggings":1,"minecraft:iron_helmet":6,"tombstone:magic_scroll":3,"minecraft:black_wool":2,"minecraft:netherite_hoe":2,"minecraft:coal":55,"minecraft:ender_pearl":13},"minecraft:custom":{"minecraft:interact_with_crafting_table":64,"minecraft:open_barrel":44,"minecraft:leave_game":47,"minecraft:time_since_death":254726,"minecraft:damage_resisted":1024,"minecraft:sprint_one_cm":7531195,"minecraft:damage_blocked_by_shield":18096,"minecraft:drop":744,"minecraft:talked_to_villager":1,"minecraft:play_time":1720679,"minecraft:deaths":156,"minecraft:jump":16374,"minecraft:walk_on_water_one_cm":388052,"minecraft:interact_with_furnace":22,"minecraft:sleep_in_bed":19,"minecraft:waystone_activated":4,"tombstone:sneak_grave":1,"minecraft:damage_dealt":182738,"minecraft:player_kills":1,"minecraft:crouch_one_cm":117533,"tombstone:undead_killed":194,"tombstone:villager_killed":1,"minecraft:inspect_dispenser":1,"minecraft:horse_one_cm":113306,"minecraft:interact_with_smithing_table":2,"minecraft:interact_with_anvil":9,"minecraft:mob_kills":726,"minecraft:damage_dealt_resisted":49015,"minecraft:climb_one_cm":138440,"minecraft:walk_one_cm":6141858,"vampirism:capture_village":1,"minecraft:damage_dealt_absorbed":18245,"vampirism:infected_creatures":27,"minecraft:sneak_time":35033,"minecraft:walk_under_water_one_cm":320796,"minecraft:boat_one_cm":94504,"minecraft:total_world_time":1720679,"vampirism:win_village_capture":1,"tombstone:raider_killed":17,"minecraft:time_since_rest":35,"minecraft:damage_absorbed":121,"minecraft:damage_taken":8969316,"minecraft:swim_one_cm":740173,"minecraft:fly_one_cm":7178396,"minecraft:open_chest":238,"minecraft:fish_caught":1,"minecraft:fall_one_cm":510187},"minecraft:dropped":{"minecraft:nether_brick_stairs":2,"minecraft:iron_sword":1,"minecraft:porkchop":4,"minecraft:oak_log":6,"minecraft:ender_pearl":1,"minecraft:glass_bottle":45,"minecraft:crafting_table":2,"minecraft:black_bed":2,"minecraft:mossy_stone_brick_stairs":3,"minecraft:red_wool":1,"minecraft:cracked_stone_bricks":8,"born_in_chaos_v1:pieceofdarkmetal":1,"born_in_chaos_v1:nightmare_claw":1,"epicfight:stray_hat":1,"graveyard:corruption":5,"minecraft:birch_slab":2,"minecraft:flint":2,"vampirism:hunter_coat_chest_ultimate":1,"born_in_chaos_v1:monster_flesh":4,"minecraft:gray_concrete":2,"minecraft:cracked_polished_blackstone_bricks":16,"minecraft:dirt":83,"minecraft:orange_carpet":3,"born_in_chaos_v1:monster_skin":3,"minecraft:polished_blackstone_brick_stairs":2,"minecraft:mutton":24,"minecraft:gold_nugget":1,"minecraft:bone_block":1,"minecraft:polished_blackstone_bricks":8,"minecraft:sand":3,"epicfight:iron_tachi":1,"minecraft:iron_pickaxe":4,"minecraft:black_concrete":1,"minecraft:dark_oak_planks":5,"minecraft:white_wool":9,"epicfight:stray_robe":1,"minecraft:gold_ingot":9,"minecraft:bone":38,"minecraft:gravel":54,"minecraft:chiseled_polished_blackstone":2,"minecraft:crimson_fungus":84,"minecraft:golden_chestplate":1,"minecraft:cobbled_deepslate":314,"minecraft:wheat":6,"justenoughdrugz:weed_seed":12,"minecraft:rotten_flesh":105,"minecraft:oak_planks":193,"vampirism:blood_bottle":1,"minecraft:diamond_shovel":1,"minecraft:white_bed":1,"minecraft:chainmail_chestplate":3,"minecraft:chiseled_stone_bricks":5,"minecraft:leather_chestplate":1,"minecraft:tipped_arrow":3,"minecraft:gunpowder":2,"vampirism:vampire_blood_bottle":1,"vampirism:vampire_fang":1,"minecraft:beetroot_seeds":6,"born_in_chaos_v1:corpse_maggot":31,"minecraft:ladder":2,"minecraft:chainmail_boots":3,"minecraft:spruce_slab":1,"minecraft:iron_bars":22,"minecraft:arrow":14,"minecraft:beef":42,"minecraft:crying_obsidian":3,"minecraft:quartz":18,"minecraft:netherrack":8,"minecraft:egg":1,"minecraft:iron_ingot":61,"epicfight:netherite_greatsword":3,"minecraft:wheat_seeds":5,"minecraft:clock":1,"minecraft:mossy_cobblestone":16,"minecraft:golden_horse_armor":1,"minecraft:prismarine_shard":8,"minecraft:golden_axe":1,"minecraft:iron_helmet":3,"minecraft:cobblestone":415,"minecraft:book":3,"minecraft:purple_concrete":4,"minecraft:spectral_arrow":8,"minecraft:granite":37,"minecraft:copper_ingot":1,"graveyard:bone_dagger":1,"minecraft:spruce_stairs":8,"minecraft:chainmail_helmet":2,"minecraft:stick":39,"minecraft:polished_andesite":5,"minecraft:pufferfish":2,"minecraft:diamond_horse_armor":2,"born_in_chaos_v1:gnawed_bones":5,"born_in_chaos_v1:black_argillite":1,"minecraft:diorite":2,"born_in_chaos_v1:river_mint":1,"minecraft:golden_carrot":2,"minecraft:torch":27,"tombstone:grave_key":3,"minecraft:smooth_quartz":11,"minecraft:fire_charge":1,"minecraft:potion":1,"minecraft:iron_leggings":1,"minecraft:jungle_leaves":3,"minecraft:white_banner":1,"minecraft:chiseled_sandstone":1,"minecraft:string":22,"minecraft:blue_carpet":1,"minecraft:bucket":1,"minecraft:acacia_planks":2,"epicfight:stray_pants":2,"minecraft:furnace":2,"minecraft:bricks":5,"minecraft:raw_copper":11,"minecraft:tuff":1,"minecraft:raw_iron":1,"born_in_chaos_v1:rotten_fish":2,"minecraft:iron_boots":3,"sophisticatedbackpacks:backpack":1,"minecraft:light_gray_concrete":9,"minecraft:nether_bricks":9,"minecraft:diamond_sword":2,"minecraft:potato":1,"minecraft:stone":9,"minecraft:shield":4,"minecraft:iron_chestplate":2,"minecraft:diamond_pickaxe":2,"minecraft:andesite":5,"minecraft:mossy_stone_bricks":5,"minecraft:spider_eye":19,"minecraft:stone_bricks":63,"minecraft:stripped_crimson_hyphae":6,"minecraft:stone_pickaxe":1,"minecraft:wooden_pickaxe":1,"minecraft:black_wool":2,"epicfight:skillbook":6}},"DataVersion":2975}