{"stats":{"minecraft:killed_by":{"minecraft:husk":7,"minecraft:piglin_brute":10,"born_in_chaos_v1:skeleton_thrasher":1,"alexsmobs:bison":1,"minecraft:skeleton":2,"born_in_chaos_v1:corpse_fish":1,"vampirism:vampire":1},"minecraft:broken":{"minecraft:wooden_pickaxe":1,"minecraft:shield":1,"minecraft:iron_helmet":1},"minecraft:killed":{"born_in_chaos_v1:zombie_clown":2,"vampirism:vampire":3,"born_in_chaos_v1:restless_spirit":1,"minecraft:spider":4,"born_in_chaos_v1:maggot":10,"minecraft:skeleton":7,"minecraft:horse":1,"vampirism:blinding_bat":2,"minecraft:drowned":1,"minecraft:piglin_brute":8,"minecraft:piglin":10,"minecraft:husk":3,"born_in_chaos_v1:baby_skeleton":2,"born_in_chaos_v1:swarmer":1,"born_in_chaos_v1:wither_scuttler":1,"born_in_chaos_v1:decrepit_skeleton":1,"minecraft:sheep":12,"whisperwoods:zotzpyre":3,"born_in_chaos_v1:bloody_gadfly":1,"minecraft:zombie":5,"born_in_chaos_v1:dread_hound":1,"born_in_chaos_v1:corpse_fly":6,"alexsmobs:fly":1,"born_in_chaos_v1:door_knight":1,"minecraft:cow":8},"minecraft:dropped":{"minecraft:glass_bottle":3,"minecraft:cobblestone":12,"minecraft:chainmail_helmet":1,"minecraft:birch_slab":2,"minecraft:stick":11,"minecraft:dirt":2,"born_in_chaos_v1:gnawed_bones":1,"minecraft:golden_carrot":2,"minecraft:mutton":2,"tombstone:grave_key":1,"minecraft:gold_nugget":1,"minecraft:jungle_leaves":3,"minecraft:bone_block":1,"epicfight:iron_tachi":1,"minecraft:white_wool":3,"minecraft:golden_chestplate":1,"minecraft:rotten_flesh":18,"minecraft:iron_boots":1,"minecraft:white_bed":1,"vampirism:vampire_fang":1,"minecraft:beetroot_seeds":3,"born_in_chaos_v1:corpse_maggot":10,"minecraft:spider_eye":3,"minecraft:beef":6},"minecraft:picked_up":{"minecraft:crafting_table":4,"minecraft:ladder":1,"minecraft:enchanted_book":1,"minecraft:string":6,"born_in_chaos_v1:intoxicating_decoction":3,"minecraft:beef":24,"born_in_chaos_v1:gnawed_bones":2,"minecraft:lectern":1,"minecraft:melon_slice":133,"minecraft:egg":1,"minecraft:iron_boots":2,"minecraft:furnace":2,"minecraft:raw_iron":8,"born_in_chaos_v1:shattered_skull":1,"minecraft:torch":5,"epicfight:skillbook":2,"vampirism:vampire_fang":3,"minecraft:rotten_flesh":25,"minecraft:arrow":5,"minecraft:beetroot_seeds":6,"minecraft:mutton":17,"minecraft:bone_block":1,"minecraft:white_wool":13,"minecraft:cobblestone":27,"born_in_chaos_v1:corpse_maggot":10,"minecraft:golden_carrot":2,"minecraft:birch_slab":2,"minecraft:andesite":3,"minecraft:black_bed":3,"minecraft:leather":8,"minecraft:jungle_wood":12,"minecraft:oak_log":12,"minecraft:dirt":11,"minecraft:bone":7,"minecraft:wheat_seeds":3,"tombstone:bag_of_seeds":1,"minecraft:glass_bottle":2,"born_in_chaos_v1:ethereal_spirit":2,"minecraft:white_bed":5,"minecraft:spider_eye":4,"minecraft:jungle_leaves":3,"minecraft:bundle":1,"minecraft:chainmail_helmet":2,"tombstone:magic_scroll":2,"minecraft:coal":16,"minecraft:ender_pearl":1},"minecraft:crafted":{"minecraft:oak_planks":48,"minecraft:furnace":1,"minecraft:cooked_mutton":3,"minecraft:iron_axe":1,"minecraft:stone_pickaxe":1,"minecraft:chest":1,"minecraft:golden_boots":1,"minecraft:cooked_beef":7,"sophisticatedbackpacks:backpack":1,"minecraft:crafting_table":2,"minecraft:wooden_pickaxe":1,"minecraft:iron_sword":1,"minecraft:air":0,"epicfight:iron_tachi":1,"minecraft:shield":1,"minecraft:stick":6,"minecraft:iron_ingot":43,"minecraft:gold_ingot":15,"minecraft:white_bed":1,"minecraft:torch":4},"minecraft:used":{"minecraft:jungle_leaves":3,"minecraft:ladder":1,"born_in_chaos_v1:intoxicating_decoction":3,"minecraft:shield":74,"minecraft:iron_sword":84,"minecraft:torch":5,"minecraft:dirt":9,"minecraft:iron_axe":160,"minecraft:furnace":2,"tombstone:gift":3,"minecraft:cooked_beef":7,"minecraft:cooked_mutton":3,"epicfight:skillbook":7,"minecraft:stone_pickaxe":77,"minecraft:wooden_pickaxe":31,"minecraft:white_wool":2,"minecraft:golden_hoe":1,"minecraft:crafting_table":6,"minecraft:white_bed":5,"minecraft:black_bed":3,"epicfight:iron_tachi":44,"minecraft:bread":1,"minecraft:melon_slice":57,"minecraft:diamond_sword":62,"minecraft:cobblestone":4,"minecraft:potion":1,"epicfight:uchigatana":137},"minecraft:mined":{"minecraft:dark_oak_planks":2,"minecraft:spruce_planks":1,"minecraft:white_bed":4,"minecraft:jungle_leaves":12,"minecraft:spruce_trapdoor":2,"minecraft:ladder":2,"minecraft:grass_block":5,"minecraft:birch_slab":1,"minecraft:moss_block":2,"minecraft:red_mushroom":1,"minecraft:furnace":2,"minecraft:iron_ore":8,"minecraft:andesite":15,"minecraft:vine":3,"minecraft:stone":21,"minecraft:bone_block":2,"minecraft:brown_mushroom":1,"minecraft:crafting_table":4,"minecraft:torch":2,"minecraft:melon":24,"minecraft:lectern":1,"minecraft:mushroom_stem":4,"minecraft:sugar_cane":1,"vampirism:vampire_spruce_leaves":1,"minecraft:wall_torch":3,"minecraft:birch_planks":1,"minecraft:jungle_wood":20,"minecraft:black_bed":3,"minecraft:grass":20,"minecraft:oak_log":12,"minecraft:coal_ore":16,"minecraft:sand":4,"minecraft:dirt":6,"minecraft:cobweb":2,"minecraft:oak_leaves":9,"minecraft:fern":1},"minecraft:custom":{"minecraft:mob_kills":103,"minecraft:interact_with_crafting_table":14,"minecraft:open_barrel":21,"minecraft:damage_dealt_resisted":1646,"minecraft:leave_game":6,"minecraft:time_since_death":0,"minecraft:climb_one_cm":31180,"minecraft:sprint_one_cm":950072,"minecraft:walk_one_cm":892827,"minecraft:damage_blocked_by_shield":2625,"minecraft:drop":49,"minecraft:damage_dealt_absorbed":678,"vampirism:infected_creatures":3,"minecraft:play_time":229744,"minecraft:deaths":27,"minecraft:sneak_time":590,"minecraft:walk_under_water_one_cm":28759,"minecraft:jump":3819,"minecraft:walk_on_water_one_cm":22821,"minecraft:total_world_time":229744,"minecraft:interact_with_furnace":16,"minecraft:sleep_in_bed":8,"minecraft:time_since_rest":0,"minecraft:damage_taken":1308715,"minecraft:damage_dealt":18831,"minecraft:swim_one_cm":416379,"minecraft:fly_one_cm":1259951,"minecraft:open_chest":24,"minecraft:crouch_one_cm":1805,"tombstone:undead_killed":23,"minecraft:fall_one_cm":65705}},"DataVersion":2975}