{"stats":{"minecraft:killed_by":{"minecraft:wither_skeleton":2,"minecraft:piglin_brute":17,"minecraft:pillager":2,"born_in_chaos_v1:zombie_bruiser":2,"born_in_chaos_v1:zombie_fisherman":1,"graveyard:acolyte":3,"born_in_chaos_v1:corpse_fly":3,"minecraft:vindicator":2,"born_in_chaos_v1:diamond_termite":1,"minecraft:cave_spider":7,"minecraft:witch":14,"minecraft:zombie":7,"alexsmobs:grizzly_bear":1,"vampirism:hunter":4,"vampirism:vampire":1,"minecraft:vex":3,"minecraft:husk":7,"minecraft:player":1,"vampirism:advanced_hunter":6,"minecraft:stray":11,"born_in_chaos_v1:skeleton_thrasher":1,"whisperwoods:zotzpyre":1,"alexsmobs:bison":1,"born_in_chaos_v1:decaying_zombie":2,"alexsmobs:raccoon":1,"minecraft:skeleton":3,"born_in_chaos_v1:corpse_fish":1,"graveyard:corrupted_vindicator":1,"graveyard:corrupted_pillager":1,"born_in_chaos_v1:dread_hound":4},"minecraft:used":{"minecraft:iron_shovel":56,"born_in_chaos_v1:intoxicating_decoction":3,"minecraft:ladder":1,"minecraft:shield":412,"minecraft:iron_sword":89,"minecraft:lava_bucket":1,"minecraft:netherite_hoe":38,"minecraft:stone_brick_stairs":1,"minecraft:bow":16,"minecraft:furnace":2,"epicfight:skillbook":18,"minecraft:mossy_stone_bricks":1,"epicfight:netherite_greatsword":1290,"minecraft:stone_pickaxe":214,"minecraft:oak_planks":102,"minecraft:ender_pearl":1,"minecraft:wooden_pickaxe":31,"vampirism:human_heart":6,"minecraft:white_wool":2,"minecraft:golden_apple":6,"minecraft:golden_hoe":1,"minecraft:sand":1,"minecraft:crossbow":20,"minecraft:black_bed":20,"epicfight:iron_tachi":44,"minecraft:light_gray_concrete":11,"minecraft:melon_slice":57,"minecraft:bread":1,"minecraft:diamond_sword":282,"minecraft:oak_boat":3,"minecraft:iron_bars":6,"minecraft:jungle_leaves":3,"minecraft:torch":234,"minecraft:dirt":13,"minecraft:anvil":1,"minecraft:iron_axe":277,"tombstone:gift":5,"minecraft:cooked_beef":7,"minecraft:iron_leggings":1,"minecraft:acacia_boat":1,"minecraft:cooked_mutton":3,"minecraft:water_bucket":1,"minecraft:polished_andesite":1,"graveyard:bone_dagger":64,"minecraft:mossy_cobblestone":2,"minecraft:tnt":3,"minecraft:crafting_table":14,"minecraft:white_bed":5,"minecraft:ender_eye":1,"minecraft:diamond_shovel":54,"minecraft:diamond_pickaxe":13,"minecraft:iron_pickaxe":634,"minecraft:cobblestone":103,"minecraft:potion":8,"minecraft:bucket":2,"epicfight:uchigatana":184},"minecraft:crafted":{"minecraft:oak_planks":184,"minecraft:cooked_mutton":3,"graveyard:bone_dagger":1,"minecraft:chest":5,"minecraft:ender_eye":5,"minecraft:golden_boots":2,"sophisticatedbackpacks:backpack":5,"minecraft:crafting_table":6,"minecraft:wooden_pickaxe":1,"sophisticatedbackpacks:upgrade_base":1,"minecraft:diamond_pickaxe":1,"minecraft:shield":2,"minecraft:stick":54,"minecraft:iron_ingot":43,"minecraft:iron_block":3,"minecraft:gold_ingot":15,"minecraft:furnace":1,"minecraft:iron_axe":2,"minecraft:stone_pickaxe":1,"sophisticatedbackpacks:iron_backpack":1,"minecraft:cooked_beef":7,"minecraft:iron_sword":1,"sophisticatedbackpacks:gold_backpack":1,"minecraft:bucket":1,"minecraft:acacia_boat":1,"minecraft:air":0,"epicfight:iron_tachi":1,"minecraft:oak_boat":1,"minecraft:anvil":1,"minecraft:white_bed":1,"minecraft:acacia_planks":28,"minecraft:torch":132},"minecraft:mined":{"minecraft:dark_oak_planks":11,"minecraft:blue_carpet":1,"minecraft:spruce_planks":12,"minecraft:stone_pressure_plate":1,"minecraft:white_bed":4,"minecraft:farmland":1,"minecraft:jungle_leaves":12,"minecraft:red_nether_bricks":1,"minecraft:spruce_trapdoor":2,"minecraft:granite":52,"minecraft:acacia_log":8,"minecraft:grass_block":53,"vampirism:weapon_table":1,"minecraft:coal_block":1,"minecraft:chiseled_stone_bricks":7,"minecraft:spawner":2,"minecraft:mossy_cobblestone_stairs":1,"minecraft:iron_ore":9,"minecraft:black_carpet":1,"minecraft:anvil":1,"minecraft:nether_brick_stairs":6,"minecraft:iron_bars":30,"minecraft:light_gray_concrete":20,"minecraft:spruce_slab":1,"minecraft:brown_mushroom":1,"minecraft:torch":4,"minecraft:jungle_stairs":1,"minecraft:melon":24,"minecraft:mushroom_stem":4,"minecraft:glass":1,"minecraft:cobblestone":12,"minecraft:oak_planks":11,"minecraft:sugar_cane":1,"minecraft:bricks":5,"minecraft:wall_torch":6,"vampirism:vampire_spruce_leaves":1,"minecraft:jungle_wood":20,"justenoughdrugz:lithium_ore":2,"minecraft:black_bed":20,"minecraft:tnt":3,"minecraft:stone_brick_stairs":2,"minecraft:grass":59,"minecraft:oak_log":48,"minecraft:smooth_quartz":11,"minecraft:sand":29,"minecraft:dirt":67,"minecraft:netherrack":3,"minecraft:oak_leaves":30,"minecraft:deepslate":27,"minecraft:light_gray_stained_glass_pane":1,"minecraft:mossy_cobblestone":18,"minecraft:nether_bricks":14,"minecraft:ladder":2,"minecraft:jungle_planks":4,"minecraft:redstone_wire":1,"minecraft:birch_slab":1,"minecraft:moss_block":2,"minecraft:red_mushroom":1,"minecraft:sandstone":2,"minecraft:furnace":2,"minecraft:andesite":46,"minecraft:mossy_stone_brick_stairs":3,"minecraft:vine":4,"minecraft:stone":457,"minecraft:bone_block":2,"minecraft:white_wool":2,"minecraft:acacia_leaves":6,"minecraft:gray_concrete":1,"minecraft:polished_granite":1,"minecraft:crafting_table":10,"minecraft:lectern":1,"minecraft:copper_ore":4,"minecraft:tall_grass":18,"minecraft:diorite":2,"minecraft:orange_carpet":3,"minecraft:spruce_stairs":8,"minecraft:birch_planks":1,"minecraft:birch_leaves":1,"minecraft:coal_ore":41,"minecraft:gravel":1,"minecraft:cobweb":24,"minecraft:cracked_stone_bricks":8,"minecraft:stone_bricks":2,"minecraft:polished_andesite":7,"minecraft:mossy_stone_bricks":11,"minecraft:fern":1},"minecraft:picked_up":{"minecraft:iron_chestplate":2,"minecraft:chainmail_boots":4,"minecraft:anvil":1,"justenoughdrugz:unrefined_lithium":3,"minecraft:lead":15,"minecraft:diamond_sword":6,"minecraft:potion":2,"minecraft:enchanted_book":8,"minecraft:stone_brick_stairs":1,"tombstone:grave_key":2,"minecraft:string":102,"minecraft:raw_copper":11,"minecraft:iron_leggings":3,"minecraft:pufferfish":2,"vampirism:obi_belt":1,"minecraft:cobbled_deepslate":135,"minecraft:bucket":1,"minecraft:ender_eye":1,"minecraft:smooth_quartz":11,"minecraft:iron_pickaxe":4,"minecraft:melon_slice":133,"minecraft:iron_boots":3,"minecraft:furnace":3,"minecraft:tipped_arrow":156,"minecraft:stick":18,"epicfight:netherite_greatsword":13,"born_in_chaos_v1:shattered_skull":1,"minecraft:torch":41,"minecraft:acacia_log":7,"minecraft:spruce_stairs":8,"epicfight:skillbook":7,"minecraft:porkchop":4,"minecraft:golden_axe":2,"vampirism:vampire_fang":4,"tombstone:grave_dust":12,"minecraft:diorite":2,"born_in_chaos_v1:nightmare_claw":2,"vampirism:amulet":3,"tombstone:tablet_of_cupidity":1,"vampirism:blood_bottle":10,"minecraft:rotten_flesh":89,"epicfight:stray_robe":2,"minecraft:iron_bars":35,"minecraft:blaze_powder":5,"minecraft:cobblestone":452,"vampirism:weapon_table":1,"minecraft:birch_slab":2,"minecraft:andesite":3,"minecraft:orange_carpet":3,"minecraft:black_bed":21,"minecraft:jungle_wood":12,"minecraft:acacia_boat":1,"minecraft:netherite_leggings":1,"minecraft:gray_concrete":1,"minecraft:dirt":89,"born_in_chaos_v1:monster_skin":3,"minecraft:bone":97,"minecraft:bow":1,"minecraft:wheat_seeds":8,"vampirism:item_garlic":2,"minecraft:mossy_stone_bricks":6,"minecraft:oak_planks":151,"minecraft:mossy_stone_brick_stairs":3,"graveyard:bone_dagger":1,"minecraft:jungle_planks":4,"minecraft:sand":3,"minecraft:nether_brick_stairs":2,"minecraft:mossy_cobblestone":18,"minecraft:jungle_leaves":3,"minecraft:bundle":1,"minecraft:light_gray_concrete":20,"minecraft:polished_andesite":6,"tombstone:familiar_stone":1,"waystones:waystone":1,"minecraft:crossbow":3,"minecraft:granite":14,"minecraft:chainmail_helmet":3,"minecraft:golden_horse_armor":1,"minecraft:emerald":1,"born_in_chaos_v1:rotten_fish":2,"minecraft:bricks":4,"minecraft:diamond_pickaxe":2,"minecraft:crafting_table":11,"minecraft:splash_potion":2,"minecraft:ladder":3,"born_in_chaos_v1:seedof_chaos":3,"minecraft:diamond_horse_armor":5,"minecraft:shield":1,"epicfight:stray_pants":4,"minecraft:iron_axe":1,"epicfight:stray_hat":2,"born_in_chaos_v1:intoxicating_decoction":3,"minecraft:compass":2,"graveyard:corruption":30,"minecraft:cracked_stone_bricks":8,"minecraft:beef":45,"minecraft:oak_boat":2,"born_in_chaos_v1:gnawed_bones":5,"justenoughdrugz:weed_seed":9,"minecraft:spruce_slab":1,"minecraft:lectern":1,"minecraft:egg":2,"vampirism:holy_salt":7,"minecraft:raw_iron":9,"minecraft:stone":3,"sophisticatedbackpacks:backpack":2,"born_in_chaos_v1:pieceofdarkmetal":6,"minecraft:blue_carpet":1,"minecraft:dark_oak_planks":9,"minecraft:tnt":3,"minecraft:arrow":58,"minecraft:beetroot_seeds":6,"minecraft:jungle_stairs":1,"minecraft:nether_bricks":10,"tombstone:essence_of_undeath":1,"minecraft:saddle":1,"minecraft:gold_ingot":17,"minecraft:totem_of_undying":1,"minecraft:mutton":27,"minecraft:bone_block":1,"minecraft:white_wool":19,"born_in_chaos_v1:corpse_maggot":30,"minecraft:clock":1,"minecraft:air":0,"vampirism:vampire_blood_bottle":4,"born_in_chaos_v1:monster_flesh":3,"minecraft:golden_carrot":2,"minecraft:leather":33,"minecraft:crimson_fungus":84,"minecraft:oak_log":52,"minecraft:chainmail_chestplate":4,"minecraft:gunpowder":3,"minecraft:white_banner":1,"tombstone:gift":1,"vampirism:human_heart":6,"minecraft:stone_bricks":63,"minecraft:iron_ingot":71,"tombstone:bag_of_seeds":1,"minecraft:glass_bottle":40,"minecraft:iron_sword":2,"minecraft:book":3,"minecraft:chiseled_stone_bricks":5,"born_in_chaos_v1:ethereal_spirit":9,"minecraft:gravel":1,"epicfight:uchigatana":2,"minecraft:white_bed":5,"minecraft:spider_eye":14,"minecraft:leather_helmet":1,"minecraft:diamond_shovel":1,"minecraft:iron_helmet":5,"tombstone:magic_scroll":2,"minecraft:black_wool":2,"minecraft:netherite_hoe":2,"minecraft:coal":44,"minecraft:ender_pearl":11},"minecraft:custom":{"minecraft:interact_with_crafting_table":51,"minecraft:open_barrel":26,"minecraft:leave_game":22,"minecraft:time_since_death":82,"minecraft:damage_resisted":1024,"minecraft:sprint_one_cm":5355799,"minecraft:damage_blocked_by_shield":15223,"minecraft:drop":534,"minecraft:play_time":1076963,"minecraft:deaths":120,"minecraft:jump":10909,"minecraft:walk_on_water_one_cm":280028,"minecraft:interact_with_furnace":22,"minecraft:sleep_in_bed":18,"minecraft:waystone_activated":4,"tombstone:sneak_grave":1,"minecraft:damage_dealt":128596,"minecraft:player_kills":1,"minecraft:crouch_one_cm":52101,"tombstone:undead_killed":144,"minecraft:inspect_dispenser":1,"minecraft:horse_one_cm":113306,"minecraft:interact_with_smithing_table":2,"minecraft:interact_with_anvil":7,"minecraft:mob_kills":504,"minecraft:damage_dealt_resisted":33415,"minecraft:climb_one_cm":132064,"minecraft:walk_one_cm":4525108,"vampirism:capture_village":1,"minecraft:damage_dealt_absorbed":15034,"vampirism:infected_creatures":24,"minecraft:sneak_time":16151,"minecraft:walk_under_water_one_cm":210607,"minecraft:boat_one_cm":77400,"minecraft:total_world_time":1076963,"vampirism:win_village_capture":1,"tombstone:raider_killed":9,"minecraft:time_since_rest":20,"minecraft:damage_taken":7052945,"minecraft:damage_absorbed":121,"minecraft:swim_one_cm":554643,"minecraft:fly_one_cm":3757887,"minecraft:open_chest":201,"minecraft:fall_one_cm":341311},"minecraft:broken":{"epicfight:stray_pants":2,"minecraft:golden_boots":2,"minecraft:iron_boots":1,"minecraft:iron_chestplate":3,"minecraft:iron_leggings":2,"minecraft:chainmail_boots":1,"minecraft:diamond_boots":1,"minecraft:netherite_leggings":1,"minecraft:golden_chestplate":1,"minecraft:leather_helmet":1,"minecraft:chainmail_helmet":1,"minecraft:wooden_pickaxe":1,"minecraft:shield":2,"minecraft:iron_axe":1,"minecraft:iron_helmet":2,"epicfight:stray_hat":1,"epicfight:stray_robe":1},"minecraft:killed":{"born_in_chaos_v1:zombie_clown":2,"vampirism:vampire":8,"minecraft:cave_spider":30,"minecraft:witch":1,"vampirism:advanced_vampire":2,"born_in_chaos_v1:restless_spirit":3,"vampirism:converted_creature":1,"minecraft:spider":35,"born_in_chaos_v1:baby_skeleton_minion":3,"born_in_chaos_v1:scarlet_persecutor":4,"minecraft:skeleton":25,"vampirism:blinding_bat":2,"graveyard:acolyte":5,"minecraft:chicken":2,"whisperwoods:wisp":1,"vampirism:advanced_hunter":7,"born_in_chaos_v1:baby_skeleton_2":1,"vampirism:converted_sheep":1,"minecraft:piglin_brute":15,"minecraft:magma_cube":1,"minecraft:piglin":10,"born_in_chaos_v1:bonescaller":1,"minecraft:pig":2,"born_in_chaos_v1:diamond_termite":1,"minecraft:zombie_villager":2,"born_in_chaos_v1:wither_scuttler":1,"vampirism:converted_cow":1,"minecraft:creeper":1,"vampirism:hunter":33,"minecraft:sheep":13,"minecraft:pillager":4,"born_in_chaos_v1:zombie_fisherman":5,"minecraft:zombie":38,"born_in_chaos_v1:dread_hound":10,"born_in_chaos_v1:corpse_fly":27,"minecraft:stray":22,"alexsmobs:fly":1,"born_in_chaos_v1:door_knight":2,"graveyard:corrupted_pillager":10,"minecraft:cow":21,"minecraft:evoker":2,"graveyard:corrupted_vindicator":12,"alexsmobs:raccoon":4,"minecraft:vindicator":2,"born_in_chaos_v1:zombie_bruiser":4,"born_in_chaos_v1:maggot":19,"minecraft:horse":1,"minecraft:drowned":1,"born_in_chaos_v1:barrel_zombie":2,"born_in_chaos_v1:fallen_chaos_knight":1,"minecraft:husk":5,"graveyard:ghoul":3,"born_in_chaos_v1:baby_skeleton":3,"born_in_chaos_v1:swarmer":2,"born_in_chaos_v1:spirit_guide_assistant":1,"born_in_chaos_v1:decrepit_skeleton":5,"whisperwoods:zotzpyre":11,"born_in_chaos_v1:bloody_gadfly":1,"born_in_chaos_v1:decaying_zombie":2,"alexsmobs:cockroach":1,"born_in_chaos_v1:nightmare_stalker":1,"alexsmobs:crow":1,"minecraft:wither_skeleton":14,"minecraft:enderman":2},"minecraft:dropped":{"minecraft:nether_brick_stairs":2,"minecraft:iron_sword":1,"minecraft:porkchop":1,"minecraft:oak_log":6,"minecraft:ender_pearl":1,"minecraft:glass_bottle":45,"minecraft:crafting_table":2,"minecraft:black_bed":1,"minecraft:mossy_stone_brick_stairs":3,"minecraft:cracked_stone_bricks":8,"born_in_chaos_v1:pieceofdarkmetal":1,"born_in_chaos_v1:nightmare_claw":1,"epicfight:stray_hat":1,"graveyard:corruption":5,"minecraft:birch_slab":2,"vampirism:hunter_coat_chest_ultimate":1,"born_in_chaos_v1:monster_flesh":3,"minecraft:dirt":75,"minecraft:gray_concrete":1,"minecraft:orange_carpet":3,"born_in_chaos_v1:monster_skin":2,"minecraft:mutton":24,"minecraft:gold_nugget":1,"minecraft:bone_block":1,"minecraft:sand":2,"epicfight:iron_tachi":1,"minecraft:iron_pickaxe":2,"minecraft:white_wool":9,"epicfight:stray_robe":1,"minecraft:bone":36,"minecraft:gravel":1,"minecraft:crimson_fungus":84,"minecraft:golden_chestplate":1,"minecraft:cobbled_deepslate":108,"justenoughdrugz:weed_seed":10,"minecraft:rotten_flesh":79,"minecraft:oak_planks":189,"vampirism:blood_bottle":1,"minecraft:diamond_shovel":1,"minecraft:white_bed":1,"minecraft:chainmail_chestplate":3,"minecraft:chiseled_stone_bricks":5,"minecraft:tipped_arrow":3,"vampirism:vampire_blood_bottle":1,"vampirism:vampire_fang":1,"minecraft:beetroot_seeds":6,"born_in_chaos_v1:corpse_maggot":31,"minecraft:ladder":2,"minecraft:chainmail_boots":3,"minecraft:spruce_slab":1,"minecraft:iron_bars":22,"minecraft:arrow":14,"minecraft:beef":42,"minecraft:netherrack":2,"minecraft:egg":1,"minecraft:iron_ingot":61,"epicfight:netherite_greatsword":3,"minecraft:wheat_seeds":4,"minecraft:clock":1,"minecraft:mossy_cobblestone":16,"minecraft:golden_horse_armor":1,"minecraft:book":3,"minecraft:iron_helmet":3,"minecraft:golden_axe":1,"minecraft:cobblestone":366,"minecraft:granite":14,"graveyard:bone_dagger":1,"minecraft:spruce_stairs":8,"minecraft:chainmail_helmet":2,"minecraft:stick":33,"minecraft:polished_andesite":5,"minecraft:pufferfish":2,"minecraft:diamond_horse_armor":2,"born_in_chaos_v1:gnawed_bones":4,"minecraft:diorite":2,"minecraft:golden_carrot":2,"minecraft:torch":27,"tombstone:grave_key":3,"minecraft:smooth_quartz":5,"minecraft:potion":1,"minecraft:iron_leggings":1,"minecraft:jungle_leaves":3,"minecraft:white_banner":1,"minecraft:string":9,"minecraft:blue_carpet":1,"minecraft:bucket":1,"epicfight:stray_pants":2,"minecraft:bricks":4,"minecraft:furnace":2,"minecraft:raw_copper":11,"minecraft:raw_iron":1,"born_in_chaos_v1:rotten_fish":2,"minecraft:iron_boots":3,"sophisticatedbackpacks:backpack":1,"minecraft:light_gray_concrete":9,"minecraft:nether_bricks":9,"minecraft:diamond_sword":2,"minecraft:stone":3,"minecraft:shield":4,"minecraft:iron_chestplate":2,"minecraft:diamond_pickaxe":2,"minecraft:mossy_stone_bricks":5,"minecraft:spider_eye":15,"minecraft:stone_bricks":63,"minecraft:stone_pickaxe":1,"epicfight:skillbook":5,"minecraft:black_wool":2}},"DataVersion":2975}