{"stats":{"minecraft:killed_by":{"minecraft:husk":7,"minecraft:skeleton":2,"alexsmobs:bison":1,"vampirism:vampire":1},"minecraft:broken":{"minecraft:wooden_pickaxe":1},"minecraft:killed":{"born_in_chaos_v1:zombie_clown":1,"vampirism:vampire":3,"minecraft:husk":3,"born_in_chaos_v1:baby_skeleton":2,"born_in_chaos_v1:wither_scuttler":1,"minecraft:spider":3,"born_in_chaos_v1:maggot":3,"born_in_chaos_v1:decrepit_skeleton":1,"minecraft:skeleton":6,"whisperwoods:zotzpyre":3,"minecraft:sheep":11,"minecraft:horse":1,"vampirism:blinding_bat":2,"minecraft:zombie":5,"born_in_chaos_v1:dread_hound":1,"alexsmobs:fly":1,"minecraft:cow":4},"minecraft:dropped":{"minecraft:golden_chestplate":1,"minecraft:glass_bottle":3,"minecraft:rotten_flesh":4,"minecraft:cobblestone":12,"minecraft:white_bed":1,"minecraft:stick":11,"minecraft:dirt":2,"born_in_chaos_v1:gnawed_bones":1,"vampirism:vampire_fang":1,"tombstone:grave_key":1,"born_in_chaos_v1:corpse_maggot":1,"minecraft:gold_nugget":1,"minecraft:spider_eye":2,"minecraft:jungle_leaves":3,"minecraft:bone_block":1,"epicfight:iron_tachi":1},"minecraft:picked_up":{"born_in_chaos_v1:corpse_maggot":1,"minecraft:crafting_table":4,"minecraft:leather":5,"minecraft:jungle_wood":12,"minecraft:enchanted_book":1,"minecraft:oak_log":12,"minecraft:dirt":11,"minecraft:string":5,"born_in_chaos_v1:intoxicating_decoction":2,"minecraft:bone":5,"minecraft:wheat_seeds":3,"minecraft:beef":7,"born_in_chaos_v1:gnawed_bones":2,"tombstone:bag_of_seeds":1,"minecraft:glass_bottle":2,"minecraft:melon_slice":133,"minecraft:furnace":2,"minecraft:egg":1,"minecraft:raw_iron":8,"born_in_chaos_v1:shattered_skull":1,"minecraft:torch":1,"epicfight:skillbook":2,"vampirism:vampire_fang":3,"minecraft:white_bed":5,"minecraft:spider_eye":3,"minecraft:jungle_leaves":3,"minecraft:bundle":1,"minecraft:arrow":5,"minecraft:rotten_flesh":19,"tombstone:magic_scroll":2,"minecraft:mutton":15,"minecraft:coal":16,"minecraft:bone_block":1,"minecraft:white_wool":10,"minecraft:cobblestone":27,"minecraft:ender_pearl":1},"minecraft:crafted":{"minecraft:cooked_beef":7,"minecraft:oak_planks":48,"sophisticatedbackpacks:backpack":1,"minecraft:crafting_table":1,"minecraft:wooden_pickaxe":1,"minecraft:iron_sword":1,"minecraft:furnace":1,"minecraft:cooked_mutton":3,"minecraft:air":0,"epicfight:iron_tachi":1,"minecraft:shield":1,"minecraft:iron_axe":1,"minecraft:stick":6,"minecraft:iron_ingot":43,"minecraft:stone_pickaxe":1,"minecraft:chest":1,"minecraft:gold_ingot":15,"minecraft:white_bed":1,"minecraft:torch":4},"minecraft:used":{"minecraft:cooked_mutton":3,"minecraft:jungle_leaves":3,"minecraft:stone_pickaxe":58,"born_in_chaos_v1:intoxicating_decoction":2,"minecraft:wooden_pickaxe":31,"minecraft:shield":11,"minecraft:iron_sword":38,"minecraft:white_wool":1,"minecraft:torch":1,"minecraft:golden_hoe":1,"minecraft:dirt":9,"minecraft:crafting_table":5,"minecraft:white_bed":5,"epicfight:iron_tachi":44,"minecraft:bread":1,"minecraft:melon_slice":55,"minecraft:iron_axe":117,"minecraft:cobblestone":4,"minecraft:furnace":2,"tombstone:gift":3,"minecraft:cooked_beef":7,"epicfight:uchigatana":42},"minecraft:mined":{"minecraft:dark_oak_planks":2,"minecraft:white_bed":4,"minecraft:jungle_leaves":12,"minecraft:crafting_table":4,"minecraft:grass_block":5,"minecraft:melon":24,"minecraft:wall_torch":1,"vampirism:vampire_spruce_leaves":1,"minecraft:jungle_wood":20,"minecraft:furnace":2,"minecraft:iron_ore":8,"minecraft:grass":19,"minecraft:coal_ore":16,"minecraft:oak_log":12,"minecraft:vine":3,"minecraft:dirt":6,"minecraft:stone":21,"minecraft:bone_block":2,"minecraft:fern":1,"minecraft:oak_leaves":2},"minecraft:custom":{"minecraft:interact_with_furnace":12,"minecraft:mob_kills":53,"minecraft:interact_with_crafting_table":13,"minecraft:open_barrel":19,"minecraft:damage_dealt_resisted":256,"minecraft:leave_game":1,"minecraft:time_since_death":77870,"minecraft:sleep_in_bed":7,"minecraft:climb_one_cm":11282,"minecraft:time_since_rest":3,"minecraft:sprint_one_cm":534860,"minecraft:damage_taken":4170,"minecraft:walk_one_cm":469134,"minecraft:damage_blocked_by_shield":475,"minecraft:drop":24,"minecraft:damage_dealt":9162,"vampirism:infected_creatures":1,"minecraft:play_time":149596,"minecraft:damage_dealt_absorbed":402,"minecraft:crouch_one_cm":1739,"minecraft:sneak_time":377,"minecraft:swim_one_cm":62940,"minecraft:fly_one_cm":917530,"tombstone:undead_killed":18,"minecraft:deaths":12,"minecraft:open_chest":14,"minecraft:walk_under_water_one_cm":7106,"minecraft:jump":2672,"minecraft:walk_on_water_one_cm":7263,"minecraft:total_world_time":149596,"minecraft:fall_one_cm":49994}},"DataVersion":2975}