{"stats":{"minecraft:killed_by":{"minecraft:wither_skeleton":2,"minecraft:piglin_brute":17,"minecraft:pillager":2,"born_in_chaos_v1:zombie_bruiser":1,"graveyard:acolyte":3,"born_in_chaos_v1:corpse_fly":2,"minecraft:vindicator":1,"minecraft:cave_spider":7,"minecraft:witch":14,"minecraft:zombie":5,"alexsmobs:grizzly_bear":1,"vampirism:hunter":3,"vampirism:vampire":1,"minecraft:vex":3,"minecraft:husk":7,"vampirism:advanced_hunter":6,"minecraft:stray":11,"born_in_chaos_v1:skeleton_thrasher":1,"alexsmobs:bison":1,"born_in_chaos_v1:decaying_zombie":2,"alexsmobs:raccoon":1,"minecraft:skeleton":3,"born_in_chaos_v1:corpse_fish":1,"graveyard:corrupted_vindicator":1,"graveyard:corrupted_pillager":1,"born_in_chaos_v1:dread_hound":2},"minecraft:broken":{"epicfight:stray_pants":2,"minecraft:golden_boots":2,"minecraft:iron_boots":1,"minecraft:iron_chestplate":3,"minecraft:iron_leggings":2,"minecraft:diamond_boots":1,"minecraft:netherite_leggings":1,"minecraft:golden_chestplate":1,"minecraft:leather_helmet":1,"minecraft:chainmail_helmet":1,"minecraft:wooden_pickaxe":1,"minecraft:shield":2,"minecraft:iron_axe":1,"minecraft:iron_helmet":2},"minecraft:killed":{"born_in_chaos_v1:zombie_clown":2,"vampirism:vampire":4,"minecraft:cave_spider":29,"vampirism:advanced_vampire":1,"minecraft:witch":1,"born_in_chaos_v1:restless_spirit":2,"vampirism:converted_creature":1,"minecraft:spider":27,"born_in_chaos_v1:baby_skeleton_minion":3,"born_in_chaos_v1:scarlet_persecutor":4,"minecraft:skeleton":24,"vampirism:blinding_bat":2,"graveyard:acolyte":5,"minecraft:chicken":2,"whisperwoods:wisp":1,"vampirism:advanced_hunter":6,"vampirism:converted_sheep":1,"minecraft:piglin_brute":15,"minecraft:magma_cube":1,"minecraft:piglin":10,"born_in_chaos_v1:bonescaller":1,"minecraft:pig":2,"minecraft:zombie_villager":2,"born_in_chaos_v1:wither_scuttler":1,"vampirism:hunter":32,"minecraft:sheep":13,"born_in_chaos_v1:zombie_fisherman":4,"minecraft:pillager":4,"minecraft:zombie":34,"born_in_chaos_v1:dread_hound":7,"born_in_chaos_v1:corpse_fly":22,"minecraft:stray":20,"alexsmobs:fly":1,"born_in_chaos_v1:door_knight":1,"graveyard:corrupted_pillager":10,"minecraft:cow":13,"minecraft:evoker":2,"graveyard:corrupted_vindicator":12,"alexsmobs:raccoon":4,"minecraft:vindicator":2,"born_in_chaos_v1:zombie_bruiser":4,"born_in_chaos_v1:maggot":17,"minecraft:horse":1,"minecraft:drowned":1,"born_in_chaos_v1:barrel_zombie":2,"born_in_chaos_v1:fallen_chaos_knight":1,"minecraft:husk":4,"born_in_chaos_v1:baby_skeleton":3,"born_in_chaos_v1:swarmer":2,"born_in_chaos_v1:decrepit_skeleton":5,"whisperwoods:zotzpyre":5,"born_in_chaos_v1:bloody_gadfly":1,"born_in_chaos_v1:decaying_zombie":2,"alexsmobs:cockroach":1,"minecraft:wither_skeleton":14,"minecraft:enderman":1},"minecraft:dropped":{"minecraft:nether_brick_stairs":2,"minecraft:iron_sword":1,"minecraft:porkchop":1,"minecraft:oak_log":6,"minecraft:glass_bottle":39,"minecraft:ender_pearl":1,"minecraft:crafting_table":2,"minecraft:mossy_stone_brick_stairs":3,"minecraft:cracked_stone_bricks":8,"born_in_chaos_v1:pieceofdarkmetal":1,"epicfight:stray_hat":1,"graveyard:corruption":4,"minecraft:birch_slab":2,"born_in_chaos_v1:monster_flesh":3,"minecraft:gray_concrete":1,"minecraft:dirt":75,"minecraft:orange_carpet":3,"born_in_chaos_v1:monster_skin":2,"minecraft:mutton":21,"minecraft:gold_nugget":1,"minecraft:bone_block":1,"minecraft:sand":2,"epicfight:iron_tachi":1,"minecraft:iron_pickaxe":2,"minecraft:white_wool":8,"epicfight:stray_robe":1,"minecraft:bone":35,"minecraft:gravel":1,"minecraft:crimson_fungus":83,"minecraft:golden_chestplate":1,"justenoughdrugz:weed_seed":10,"minecraft:rotten_flesh":73,"minecraft:oak_planks":183,"vampirism:blood_bottle":1,"minecraft:diamond_shovel":1,"minecraft:white_bed":1,"minecraft:chainmail_chestplate":3,"minecraft:chiseled_stone_bricks":5,"minecraft:tipped_arrow":3,"vampirism:vampire_fang":1,"minecraft:beetroot_seeds":6,"born_in_chaos_v1:corpse_maggot":19,"minecraft:ladder":2,"minecraft:chainmail_boots":3,"minecraft:spruce_slab":1,"minecraft:iron_bars":18,"minecraft:arrow":14,"minecraft:beef":42,"minecraft:netherrack":2,"minecraft:egg":1,"minecraft:iron_ingot":61,"epicfight:netherite_greatsword":3,"minecraft:wheat_seeds":3,"minecraft:clock":1,"minecraft:mossy_cobblestone":16,"minecraft:golden_horse_armor":1,"minecraft:book":3,"minecraft:iron_helmet":3,"minecraft:golden_axe":1,"minecraft:cobblestone":70,"minecraft:granite":8,"graveyard:bone_dagger":1,"minecraft:spruce_stairs":8,"minecraft:chainmail_helmet":2,"minecraft:stick":25,"minecraft:polished_andesite":5,"minecraft:pufferfish":2,"minecraft:diamond_horse_armor":2,"born_in_chaos_v1:gnawed_bones":3,"minecraft:diorite":2,"minecraft:golden_carrot":2,"minecraft:torch":27,"tombstone:grave_key":3,"minecraft:smooth_quartz":5,"minecraft:potion":1,"minecraft:iron_leggings":1,"minecraft:jungle_leaves":3,"minecraft:white_banner":1,"minecraft:string":5,"minecraft:blue_carpet":1,"minecraft:bucket":1,"epicfight:stray_pants":2,"minecraft:bricks":4,"minecraft:furnace":2,"minecraft:raw_copper":11,"minecraft:raw_iron":1,"born_in_chaos_v1:rotten_fish":2,"minecraft:iron_boots":3,"sophisticatedbackpacks:backpack":1,"minecraft:light_gray_concrete":9,"minecraft:nether_bricks":9,"minecraft:diamond_sword":2,"minecraft:stone":3,"minecraft:shield":3,"minecraft:iron_chestplate":2,"minecraft:diamond_pickaxe":2,"minecraft:mossy_stone_bricks":5,"minecraft:stone_bricks":63,"minecraft:spider_eye":14,"minecraft:stone_pickaxe":1,"minecraft:black_wool":1,"epicfight:skillbook":5},"minecraft:picked_up":{"minecraft:iron_chestplate":2,"minecraft:chainmail_boots":4,"minecraft:anvil":1,"minecraft:lead":15,"minecraft:diamond_sword":5,"minecraft:potion":2,"minecraft:enchanted_book":7,"minecraft:stone_brick_stairs":1,"tombstone:grave_key":2,"minecraft:string":96,"minecraft:raw_copper":11,"minecraft:iron_leggings":2,"minecraft:pufferfish":2,"vampirism:obi_belt":1,"minecraft:bucket":1,"minecraft:smooth_quartz":5,"minecraft:iron_pickaxe":4,"minecraft:melon_slice":133,"minecraft:iron_boots":3,"minecraft:furnace":3,"minecraft:tipped_arrow":156,"minecraft:stick":12,"epicfight:netherite_greatsword":10,"born_in_chaos_v1:shattered_skull":1,"minecraft:torch":40,"minecraft:spruce_stairs":8,"epicfight:skillbook":6,"minecraft:porkchop":1,"minecraft:golden_axe":2,"vampirism:vampire_fang":3,"tombstone:grave_dust":10,"minecraft:diorite":2,"vampirism:amulet":3,"tombstone:tablet_of_cupidity":1,"vampirism:blood_bottle":10,"minecraft:rotten_flesh":79,"epicfight:stray_robe":2,"minecraft:iron_bars":29,"minecraft:blaze_powder":5,"minecraft:cobblestone":139,"vampirism:weapon_table":1,"minecraft:birch_slab":2,"minecraft:andesite":3,"minecraft:orange_carpet":3,"minecraft:black_bed":13,"minecraft:jungle_wood":12,"minecraft:netherite_leggings":1,"minecraft:gray_concrete":1,"minecraft:dirt":88,"born_in_chaos_v1:monster_skin":2,"minecraft:bone":94,"minecraft:bow":1,"minecraft:wheat_seeds":6,"vampirism:item_garlic":1,"minecraft:mossy_stone_bricks":6,"minecraft:oak_planks":151,"minecraft:mossy_stone_brick_stairs":3,"graveyard:bone_dagger":1,"minecraft:sand":3,"minecraft:nether_brick_stairs":2,"minecraft:mossy_cobblestone":18,"minecraft:jungle_leaves":3,"minecraft:bundle":1,"minecraft:light_gray_concrete":9,"minecraft:polished_andesite":6,"tombstone:familiar_stone":1,"waystones:waystone":1,"minecraft:crossbow":3,"minecraft:granite":8,"minecraft:chainmail_helmet":3,"minecraft:golden_horse_armor":1,"minecraft:emerald":1,"born_in_chaos_v1:rotten_fish":2,"minecraft:bricks":4,"minecraft:diamond_pickaxe":2,"minecraft:crafting_table":10,"minecraft:splash_potion":2,"minecraft:ladder":3,"born_in_chaos_v1:seedof_chaos":3,"minecraft:diamond_horse_armor":4,"minecraft:shield":1,"epicfight:stray_pants":4,"minecraft:iron_axe":1,"epicfight:stray_hat":2,"minecraft:compass":2,"born_in_chaos_v1:intoxicating_decoction":3,"graveyard:corruption":29,"minecraft:cracked_stone_bricks":8,"minecraft:beef":45,"minecraft:oak_boat":2,"born_in_chaos_v1:gnawed_bones":3,"justenoughdrugz:weed_seed":9,"minecraft:spruce_slab":1,"minecraft:lectern":1,"minecraft:egg":2,"vampirism:holy_salt":7,"minecraft:raw_iron":9,"minecraft:stone":3,"sophisticatedbackpacks:backpack":2,"born_in_chaos_v1:pieceofdarkmetal":5,"minecraft:blue_carpet":1,"minecraft:tnt":3,"minecraft:arrow":58,"minecraft:beetroot_seeds":6,"minecraft:nether_bricks":10,"tombstone:essence_of_undeath":1,"minecraft:totem_of_undying":1,"minecraft:gold_ingot":17,"minecraft:mutton":24,"minecraft:bone_block":1,"minecraft:white_wool":18,"minecraft:clock":1,"born_in_chaos_v1:corpse_maggot":21,"minecraft:air":0,"vampirism:vampire_blood_bottle":2,"minecraft:golden_carrot":2,"born_in_chaos_v1:monster_flesh":3,"minecraft:leather":22,"minecraft:crimson_fungus":84,"minecraft:oak_log":47,"minecraft:chainmail_chestplate":3,"minecraft:gunpowder":3,"minecraft:white_banner":1,"tombstone:gift":1,"vampirism:human_heart":6,"minecraft:stone_bricks":63,"minecraft:iron_ingot":71,"tombstone:bag_of_seeds":1,"minecraft:glass_bottle":37,"minecraft:iron_sword":2,"minecraft:book":3,"minecraft:chiseled_stone_bricks":5,"born_in_chaos_v1:ethereal_spirit":7,"minecraft:gravel":1,"epicfight:uchigatana":2,"minecraft:white_bed":5,"minecraft:spider_eye":12,"minecraft:leather_helmet":1,"minecraft:diamond_shovel":1,"minecraft:iron_helmet":4,"tombstone:magic_scroll":2,"minecraft:black_wool":1,"minecraft:netherite_hoe":2,"minecraft:coal":44,"minecraft:ender_pearl":11},"minecraft:crafted":{"minecraft:oak_planks":164,"minecraft:cooked_mutton":3,"graveyard:bone_dagger":1,"minecraft:chest":4,"minecraft:golden_boots":2,"sophisticatedbackpacks:backpack":4,"minecraft:crafting_table":5,"minecraft:wooden_pickaxe":1,"minecraft:diamond_pickaxe":1,"minecraft:shield":1,"minecraft:stick":54,"minecraft:iron_ingot":43,"minecraft:iron_block":3,"minecraft:gold_ingot":15,"minecraft:furnace":1,"minecraft:iron_axe":2,"minecraft:stone_pickaxe":1,"minecraft:cooked_beef":7,"minecraft:iron_sword":1,"minecraft:bucket":1,"minecraft:air":0,"epicfight:iron_tachi":1,"minecraft:oak_boat":1,"minecraft:anvil":1,"minecraft:white_bed":1,"minecraft:torch":132},"minecraft:used":{"minecraft:iron_shovel":56,"born_in_chaos_v1:intoxicating_decoction":3,"minecraft:ladder":1,"minecraft:shield":356,"minecraft:iron_sword":89,"minecraft:lava_bucket":1,"minecraft:netherite_hoe":38,"minecraft:stone_brick_stairs":1,"minecraft:bow":3,"minecraft:furnace":2,"minecraft:mossy_stone_bricks":1,"epicfight:skillbook":18,"epicfight:netherite_greatsword":1133,"minecraft:stone_pickaxe":214,"minecraft:oak_planks":102,"minecraft:ender_pearl":1,"minecraft:wooden_pickaxe":31,"vampirism:human_heart":6,"minecraft:white_wool":2,"minecraft:golden_apple":6,"minecraft:golden_hoe":1,"minecraft:sand":1,"minecraft:crossbow":20,"minecraft:black_bed":13,"epicfight:iron_tachi":44,"minecraft:melon_slice":57,"minecraft:bread":1,"minecraft:diamond_sword":234,"minecraft:oak_boat":3,"minecraft:iron_bars":4,"minecraft:jungle_leaves":3,"minecraft:torch":202,"minecraft:dirt":13,"minecraft:anvil":1,"minecraft:iron_axe":238,"tombstone:gift":5,"minecraft:cooked_beef":7,"minecraft:iron_leggings":1,"minecraft:cooked_mutton":3,"minecraft:water_bucket":1,"minecraft:polished_andesite":1,"graveyard:bone_dagger":64,"minecraft:mossy_cobblestone":2,"minecraft:tnt":3,"minecraft:crafting_table":13,"minecraft:white_bed":5,"minecraft:diamond_shovel":54,"minecraft:diamond_pickaxe":13,"minecraft:iron_pickaxe":461,"minecraft:cobblestone":39,"minecraft:potion":7,"minecraft:bucket":2,"epicfight:uchigatana":184},"minecraft:mined":{"minecraft:dark_oak_planks":2,"minecraft:blue_carpet":1,"minecraft:spruce_planks":12,"minecraft:stone_pressure_plate":1,"minecraft:white_bed":4,"minecraft:farmland":1,"minecraft:jungle_leaves":12,"minecraft:red_nether_bricks":1,"minecraft:spruce_trapdoor":2,"minecraft:granite":38,"minecraft:grass_block":52,"vampirism:weapon_table":1,"minecraft:coal_block":1,"minecraft:chiseled_stone_bricks":7,"minecraft:spawner":2,"minecraft:mossy_cobblestone_stairs":1,"minecraft:iron_ore":9,"minecraft:anvil":1,"minecraft:nether_brick_stairs":5,"minecraft:iron_bars":26,"minecraft:light_gray_concrete":9,"minecraft:spruce_slab":1,"minecraft:brown_mushroom":1,"minecraft:torch":4,"minecraft:melon":24,"minecraft:mushroom_stem":4,"minecraft:glass":1,"minecraft:cobblestone":11,"minecraft:oak_planks":9,"minecraft:sugar_cane":1,"minecraft:bricks":4,"minecraft:wall_torch":6,"vampirism:vampire_spruce_leaves":1,"minecraft:jungle_wood":20,"minecraft:tnt":3,"minecraft:black_bed":13,"minecraft:stone_brick_stairs":2,"minecraft:grass":43,"minecraft:oak_log":41,"minecraft:smooth_quartz":5,"minecraft:sand":29,"minecraft:dirt":67,"minecraft:netherrack":3,"minecraft:oak_leaves":28,"minecraft:light_gray_stained_glass_pane":1,"minecraft:mossy_cobblestone":17,"minecraft:nether_bricks":12,"minecraft:ladder":2,"minecraft:redstone_wire":1,"minecraft:birch_slab":1,"minecraft:moss_block":2,"minecraft:red_mushroom":1,"minecraft:sandstone":2,"minecraft:furnace":2,"minecraft:andesite":46,"minecraft:mossy_stone_brick_stairs":3,"minecraft:vine":4,"minecraft:stone":360,"minecraft:bone_block":2,"minecraft:white_wool":2,"minecraft:gray_concrete":1,"minecraft:crafting_table":9,"minecraft:lectern":1,"minecraft:copper_ore":4,"minecraft:tall_grass":10,"minecraft:diorite":2,"minecraft:orange_carpet":3,"minecraft:spruce_stairs":8,"minecraft:birch_planks":1,"minecraft:birch_leaves":1,"minecraft:coal_ore":41,"minecraft:gravel":1,"minecraft:cobweb":24,"minecraft:cracked_stone_bricks":7,"minecraft:polished_andesite":7,"minecraft:stone_bricks":1,"minecraft:mossy_stone_bricks":11,"minecraft:fern":1},"minecraft:custom":{"minecraft:interact_with_crafting_table":35,"minecraft:open_barrel":21,"minecraft:leave_game":16,"minecraft:time_since_death":4803,"minecraft:damage_resisted":1024,"minecraft:sprint_one_cm":4568542,"minecraft:damage_blocked_by_shield":14383,"minecraft:drop":420,"minecraft:play_time":913319,"minecraft:deaths":104,"minecraft:jump":8993,"minecraft:walk_on_water_one_cm":243419,"minecraft:interact_with_furnace":21,"minecraft:sleep_in_bed":17,"minecraft:waystone_activated":2,"tombstone:sneak_grave":1,"minecraft:damage_dealt":113744,"minecraft:player_kills":1,"minecraft:crouch_one_cm":35887,"tombstone:undead_killed":129,"minecraft:interact_with_anvil":7,"minecraft:mob_kills":437,"minecraft:damage_dealt_resisted":31608,"minecraft:climb_one_cm":117085,"minecraft:walk_one_cm":3990286,"minecraft:damage_dealt_absorbed":12889,"vampirism:infected_creatures":21,"minecraft:sneak_time":12546,"minecraft:walk_under_water_one_cm":180518,"minecraft:boat_one_cm":69707,"minecraft:total_world_time":913319,"tombstone:raider_killed":9,"minecraft:time_since_rest":5,"minecraft:damage_taken":5845817,"minecraft:damage_absorbed":121,"minecraft:swim_one_cm":525356,"minecraft:fly_one_cm":2911406,"minecraft:open_chest":162,"minecraft:fall_one_cm":234551}},"DataVersion":2975}