{"stats":{"minecraft:used":{"minecraft:iron_shovel":40,"vampirism:altar_infusion":1,"vampirism:heart_striker_enhanced":3,"minecraft:chest":2,"minecraft:shield":9,"minecraft:stone":2,"minecraft:iron_sword":241,"securitycraft:keypad_item":1,"born_in_chaos_v1:corpse_maggot":2,"epicfight:diamond_greatsword":668,"minecraft:furnace":5,"minecraft:skeleton_skull":2,"epicfight:skillbook":2,"minecraft:diorite":6,"minecraft:damaged_anvil":1,"epicfight:netherite_greatsword":59,"minecraft:stone_pickaxe":400,"minecraft:oak_planks":4,"minecraft:wooden_pickaxe":71,"minecraft:sugar_cane":65,"waystones:waystone":3,"vampirism:altar_pillar":35,"vampirism:cursed_earth":1,"tombstone:grave_key":1,"tombstone:familiar_stone":4,"minecraft:smithing_table":1,"minecraft:andesite":42,"minecraft:chain":2,"minecraft:bone_meal":6,"minecraft:oak_fence":22,"minecraft:enchanting_table":1,"minecraft:spruce_planks":20,"minecraft:stone_hoe":38,"minecraft:cooked_chicken":4,"minecraft:torch":95,"minecraft:dirt":78,"minecraft:granite":3,"minecraft:oak_fence_gate":1,"minecraft:bookshelf":16,"minecraft:iron_axe":81,"securitycraft:sentry":6,"tombstone:gift":7,"minecraft:cobbled_deepslate":240,"minecraft:wheat_seeds":273,"minecraft:cooked_mutton":4,"minecraft:water_bucket":18,"vampirism:coffin":5,"vampirism:altar_inspiration":1,"minecraft:cobblestone_stairs":96,"minecraft:crafting_table":8,"vampirism:castle_block_normal_brick":48,"minecraft:white_bed":3,"minecraft:diamond_pickaxe":637,"waystones:mossy_waystone":2,"minecraft:iron_pickaxe":1208,"vampirism:altar_tip":28,"minecraft:stone_axe":161,"minecraft:cobblestone":406,"minecraft:cooked_porkchop":9,"minecraft:bucket":19,"alexsmobs:animal_dictionary":4},"minecraft:dropped":{"sophisticatedbackpacks:iron_backpack":1,"minecraft:iron_sword":2,"minecraft:porkchop":8,"minecraft:cooked_beef":70,"minecraft:glow_ink_sac":6,"minecraft:glass_bottle":1,"graveyard:corruption":1,"minecraft:cobblestone_stairs":14,"born_in_chaos_v1:monster_flesh":24,"minecraft:dirt":22,"minecraft:mutton":5,"alexsmobs:flying_fish":1,"minecraft:seagrass":7,"minecraft:chain":10,"minecraft:sand":1,"minecraft:iron_pickaxe":6,"alexsmobs:raccoon_tail":1,"minecraft:gravel":8,"minecraft:cobbled_deepslate":33,"vampirism:vampire_orchid":1,"justenoughdrugz:weed_seed":2,"minecraft:rotten_flesh":124,"minecraft:oak_planks":3,"vampirism:blood_bottle":2,"minecraft:carrot":3,"vampirism:vampire_blood_bottle":1,"born_in_chaos_v1:fangofthe_hound_leader":2,"born_in_chaos_v1:corpse_maggot":41,"minecraft:beef":3,"minecraft:egg":1,"epicfight:diamond_greatsword":4,"minecraft:iron_ingot":1,"minecraft:bread":1,"minecraft:black_dye":2,"minecraft:wheat_seeds":329,"minecraft:cobblestone":389,"justenoughdrugz:unrefined_lithium":1,"minecraft:granite":7,"minecraft:stick":2,"born_in_chaos_v1:gnawed_bones":2,"born_in_chaos_v1:river_mint":1,"minecraft:diorite":39,"tombstone:grave_key":1,"vampirism:cursed_earth":21,"minecraft:lily_pad":3,"minecraft:redstone":7,"minecraft:kelp":7,"alexsmobs:maggot":2,"minecraft:raw_copper":54,"minecraft:tuff":48,"born_in_chaos_v1:rotten_fish":3,"alexsmobs:blobfish":1,"minecraft:iron_boots":1,"justenoughdrugz:golden_cap_mushroom_item":1,"minecraft:stone":45,"minecraft:spruce_planks":1,"minecraft:iron_chestplate":1,"minecraft:diamond_pickaxe":3,"minecraft:andesite":8,"minecraft:oak_sapling":6,"minecraft:spider_eye":15,"minecraft:bow":1,"minecraft:blue_orchid":1,"minecraft:wooden_pickaxe":1,"minecraft:magma_block":1},"minecraft:picked_up":{"minecraft:seagrass":7,"minecraft:iron_chestplate":1,"minecraft:wheat":231,"minecraft:prismarine_shard":2,"justenoughdrugz:unrefined_lithium":1,"minecraft:smithing_table":1,"tombstone:grave_key":1,"minecraft:string":29,"minecraft:raw_copper":54,"minecraft:cobbled_deepslate":284,"minecraft:spruce_planks":1,"minecraft:iron_pickaxe":3,"alexsmobs:raccoon_tail":2,"minecraft:iron_boots":2,"minecraft:stick":7,"born_in_chaos_v1:shattered_skull":4,"minecraft:oak_fence":1,"minecraft:torch":11,"epicfight:diamond_greatsword":10,"minecraft:porkchop":17,"epicfight:skillbook":2,"vampirism:vampire_fang":10,"tombstone:grave_dust":22,"minecraft:diorite":46,"born_in_chaos_v1:nightmare_claw":3,"minecraft:black_dye":2,"vampirism:blood_bottle":6,"minecraft:rotten_flesh":126,"minecraft:obsidian":13,"alexsmobs:flying_fish":2,"minecraft:cobblestone":1212,"minecraft:birch_log":3,"minecraft:magma_block":1,"justenoughdrugz:golden_cap_mushroom_item":1,"vampirism:vampire_book":1,"minecraft:feather":7,"minecraft:andesite":51,"vampirism:coffin":4,"minecraft:tuff":48,"minecraft:lapis_lazuli":40,"minecraft:dirt":107,"securitycraft:sentry":2,"born_in_chaos_v1:monster_skin":21,"minecraft:bone":46,"minecraft:bow":1,"minecraft:wheat_seeds":696,"vampirism:altar_pillar":27,"minecraft:raw_gold":25,"alexsmobs:blobfish":1,"vampirism:ring":2,"minecraft:sand":40,"vampirism:hunter_coat_chest_ultimate":1,"sophisticatedbackpacks:iron_backpack":1,"minecraft:grass_block":1,"vampirism:pure_blood_0":1,"minecraft:bundle":1,"minecraft:iron_hoe":1,"tombstone:familiar_stone":2,"minecraft:diamond":14,"waystones:waystone":3,"minecraft:granite":10,"minecraft:emerald":3,"alexsmobs:maggot":2,"minecraft:oak_sapling":6,"born_in_chaos_v1:rotten_fish":3,"minecraft:diamond_pickaxe":3,"vampirism:castle_block_normal_brick":48,"born_in_chaos_v1:diamond_termite_shard":27,"minecraft:chicken":4,"born_in_chaos_v1:river_mint":1,"born_in_chaos_v1:seedof_chaos":3,"minecraft:chain":13,"born_in_chaos_v1:intoxicating_decoction":6,"minecraft:blue_orchid":1,"graveyard:corruption":2,"vampirism:cursed_earth":26,"minecraft:beef":133,"born_in_chaos_v1:gnawed_bones":3,"justenoughdrugz:weed_seed":2,"minecraft:poppy":1,"minecraft:sugar_cane":283,"minecraft:egg":1,"vampirism:holy_salt":7,"minecraft:raw_iron":309,"minecraft:stone":1,"vampirism:vampire_spruce_sapling":2,"sophisticatedbackpacks:backpack":1,"born_in_chaos_v1:pieceofdarkmetal":12,"minecraft:carrot":3,"minecraft:redstone":78,"minecraft:arrow":12,"born_in_chaos_v1:spiny_shell":2,"minecraft:mutton":14,"minecraft:skeleton_skull":2,"minecraft:white_wool":6,"born_in_chaos_v1:corpse_maggot":43,"vampirism:vampire_blood_bottle":1,"minecraft:golden_carrot":1,"born_in_chaos_v1:monster_flesh":28,"minecraft:glow_ink_sac":6,"minecraft:leather":78,"minecraft:oak_log":56,"minecraft:chainmail_chestplate":3,"minecraft:lily_pad":3,"minecraft:gunpowder":4,"minecraft:cobblestone_stairs":2,"tombstone:gift":1,"vampirism:human_heart":5,"minecraft:stone_bricks":4,"minecraft:kelp":7,"minecraft:iron_ingot":6,"tombstone:bag_of_seeds":1,"minecraft:glass_bottle":1,"minecraft:iron_sword":1,"born_in_chaos_v1:ethereal_spirit":17,"waystones:mossy_waystone":2,"minecraft:gravel":8,"justenoughdrugz:unrefined_oil":1,"born_in_chaos_v1:fangofthe_hound_leader":3,"minecraft:white_bed":2,"securitycraft:reinforced_iron_block":12,"minecraft:spruce_log":11,"minecraft:spider_eye":17,"minecraft:slime_ball":2,"vampirism:altar_tip":24,"minecraft:chainmail_leggings":2,"minecraft:iron_helmet":3,"vampirism:vampire_orchid":11,"minecraft:damaged_anvil":1,"minecraft:coal":191,"minecraft:ender_pearl":5},"minecraft:custom":{"minecraft:animals_bred":103,"minecraft:interact_with_crafting_table":141,"minecraft:open_barrel":12,"minecraft:leave_game":8,"minecraft:time_since_death":120220,"minecraft:damage_resisted":112,"minecraft:sprint_one_cm":2760244,"minecraft:damage_blocked_by_shield":310,"minecraft:drop":255,"minecraft:play_time":905643,"minecraft:deaths":22,"minecraft:jump":9158,"minecraft:walk_on_water_one_cm":423231,"minecraft:enchant_item":1,"minecraft:interact_with_furnace":241,"minecraft:sleep_in_bed":13,"minecraft:waystone_activated":6,"tombstone:sneak_grave":1,"minecraft:damage_dealt":91871,"minecraft:crouch_one_cm":144954,"tombstone:undead_killed":101,"minecraft:interact_with_smithing_table":1,"minecraft:interact_with_anvil":7,"minecraft:mob_kills":466,"minecraft:damage_dealt_resisted":7374,"minecraft:climb_one_cm":36076,"minecraft:walk_one_cm":4163612,"minecraft:damage_dealt_absorbed":440,"vampirism:infected_creatures":10,"minecraft:sneak_time":40016,"minecraft:walk_under_water_one_cm":97633,"minecraft:boat_one_cm":9400,"minecraft:total_world_time":905643,"minecraft:time_since_rest":34,"minecraft:damage_taken":1518080,"minecraft:swim_one_cm":49182,"minecraft:fly_one_cm":3956984,"minecraft:open_chest":131,"minecraft:fall_one_cm":135583},"minecraft:killed_by":{"born_in_chaos_v1:nightmare_stalker":2,"born_in_chaos_v1:zombie_fisherman":1,"minecraft:zombie":2,"born_in_chaos_v1:scarlet_persecutor":1,"vampirism:hunter":1,"minecraft:player":2,"minecraft:spider":1,"born_in_chaos_v1:swarmer":1,"whisperwoods:zotzpyre":1,"minecraft:skeleton":2,"minecraft:guardian":1,"born_in_chaos_v1:dread_hound":3},"minecraft:broken":{"minecraft:iron_boots":1,"minecraft:stone_pickaxe":3,"minecraft:stone_axe":2,"minecraft:iron_pickaxe":2,"minecraft:iron_helmet":1},"minecraft:crafted":{"minecraft:oak_planks":224,"minecraft:cooked_chicken":4,"minecraft:stone":140,"minecraft:cobblestone_stairs":108,"vampirism:coffin":1,"securitycraft:keypad_item":1,"minecraft:bookshelf":16,"minecraft:heavy_weighted_pressure_plate":1,"minecraft:cooked_mutton":4,"vampirism:castle_block_normal_brick":8,"securitycraft:laser_block":1,"minecraft:glass":39,"minecraft:bow":4,"vampirism:altar_inspiration":1,"tombstone:grave_key":2,"minecraft:chest":2,"minecraft:stone_hoe":1,"minecraft:stone_bricks":56,"minecraft:oak_fence":24,"minecraft:glass_bottle":12,"minecraft:cooked_porkchop":9,"minecraft:crafting_table":8,"minecraft:spruce_planks":44,"minecraft:wooden_pickaxe":2,"minecraft:birch_planks":12,"minecraft:dispenser":4,"minecraft:book":55,"minecraft:paper":216,"minecraft:diamond_pickaxe":1,"minecraft:shield":1,"minecraft:stick":100,"minecraft:iron_ingot":308,"minecraft:iron_pickaxe":5,"minecraft:iron_block":16,"minecraft:gold_ingot":25,"minecraft:redstone_torch":5,"securitycraft:universal_block_reinforcer_lvl1":1,"epicfight:diamond_greatsword":1,"minecraft:redstone":36,"vampirism:altar_tip":4,"securitycraft:sentry":4,"born_in_chaos_v1:nightmare_mantleofthe_night_boots":1,"minecraft:furnace":5,"minecraft:stone_button":8,"minecraft:bone_meal":6,"minecraft:glass_pane":16,"minecraft:diamond":1,"vampirism:altar_infusion":1,"minecraft:iron_axe":1,"epicfight:netherite_greatsword":1,"minecraft:stone_pickaxe":3,"minecraft:redstone_block":8,"sophisticatedbackpacks:iron_backpack":1,"minecraft:cooked_beef":70,"securitycraft:portable_radar":4,"minecraft:enchanting_table":1,"minecraft:iron_sword":1,"sophisticatedbackpacks:gold_backpack":1,"minecraft:bucket":1,"minecraft:stone_axe":2,"minecraft:air":0,"minecraft:oak_fence_gate":1,"vampirism:altar_pillar":8,"securitycraft:remote_access_sentry":1,"minecraft:iron_shovel":1,"minecraft:white_bed":1,"minecraft:torch":84},"minecraft:killed":{"born_in_chaos_v1:zombie_clown":4,"vampirism:vampire":22,"vampirism:advanced_vampire":2,"born_in_chaos_v1:restless_spirit":8,"born_in_chaos_v1:skeleton_demoman":1,"minecraft:spider":32,"born_in_chaos_v1:scarlet_persecutor":6,"minecraft:skeleton":6,"vampirism:blinding_bat":1,"minecraft:chicken":4,"vampirism:advanced_hunter":1,"born_in_chaos_v1:baby_skeleton_2":2,"alexsmobs:centipede_head":1,"vampirism:vampire_baron":1,"born_in_chaos_v1:bonescaller":1,"minecraft:pig":4,"born_in_chaos_v1:diamond_termite":29,"born_in_chaos_v1:wither_scuttler":1,"alexsmobs:seal":1,"vampirism:converted_cow":2,"minecraft:creeper":1,"born_in_chaos_v1:shy_spirit":3,"vampirism:hunter":20,"minecraft:sheep":6,"born_in_chaos_v1:zombie_fisherman":4,"minecraft:zombie":21,"born_in_chaos_v1:dread_hound":23,"alexsmobs:terrapin":1,"born_in_chaos_v1:corpse_fly":28,"alexsmobs:fly":1,"minecraft:glow_squid":1,"whisperwoods:moth":1,"born_in_chaos_v1:door_knight":6,"minecraft:cow":71,"graveyard:nightmare":1,"alexsmobs:raccoon":1,"alexsmobs:seagull":1,"minecraft:slime":6,"born_in_chaos_v1:thornshell_crab":1,"born_in_chaos_v1:zombie_bruiser":8,"born_in_chaos_v1:maggot":20,"born_in_chaos_v1:dire_hound_leader":2,"minecraft:drowned":2,"alexsmobs:flying_fish":1,"born_in_chaos_v1:barrel_zombie":1,"born_in_chaos_v1:fallen_chaos_knight":3,"graveyard:ghoul":5,"born_in_chaos_v1:baby_skeleton":3,"born_in_chaos_v1:swarmer":2,"born_in_chaos_v1:decrepit_skeleton":25,"whisperwoods:zotzpyre":12,"alexsmobs:catfish":1,"born_in_chaos_v1:bloody_gadfly":1,"born_in_chaos_v1:decaying_zombie":7,"alexsmobs:cockroach":2,"born_in_chaos_v1:dark_vortex":2,"born_in_chaos_v1:nightmare_stalker":3,"minecraft:enderman":6},"minecraft:mined":{"minecraft:spruce_planks":1,"minecraft:white_bed":2,"minecraft:cobblestone_stairs":2,"justenoughdrugz:golden_cap_mushroom":1,"minecraft:obsidian":13,"minecraft:granite":22,"minecraft:grass_block":47,"minecraft:magma_block":1,"minecraft:iron_ore":260,"minecraft:cobbled_deepslate":31,"minecraft:fire":4,"minecraft:deepslate_lapis_ore":3,"vampirism:coffin":4,"minecraft:blue_orchid":1,"minecraft:deepslate_redstone_ore":16,"born_in_chaos_v1:infected_deepslate_diamond_ore":10,"minecraft:dead_bush":3,"minecraft:cobblestone":30,"minecraft:sugar_cane":152,"minecraft:damaged_anvil":1,"vampirism:vampire_spruce_leaves":3,"minecraft:wall_torch":4,"minecraft:skeleton_skull":2,"minecraft:seagrass":2,"minecraft:chain":1,"justenoughdrugz:lithium_ore":1,"minecraft:birch_log":3,"minecraft:wheat":236,"minecraft:grass":61,"minecraft:oak_log":47,"minecraft:sand":41,"minecraft:dirt":63,"vampirism:cursed_grass_block":4,"minecraft:oak_leaves":83,"minecraft:deepslate":263,"minecraft:diamond_ore":4,"minecraft:tuff":26,"minecraft:deepslate_diamond_ore":10,"born_in_chaos_v1:infected_diamond_ore":10,"vampirism:altar_pillar":27,"minecraft:glow_lichen":1,"vampirism:vampire_orchid":11,"minecraft:redstone_ore":1,"vampirism:castle_block_normal_brick":48,"justenoughdrugz:oil_ore":1,"minecraft:andesite":60,"minecraft:deepslate_iron_ore":51,"minecraft:vine":21,"minecraft:stone":1039,"minecraft:smithing_table":1,"vampirism:cursed_earth":24,"minecraft:oak_fence":1,"minecraft:emerald_ore":2,"minecraft:tall_grass":1,"minecraft:copper_ore":15,"minecraft:lapis_ore":3,"minecraft:deepslate_gold_ore":12,"minecraft:lily_pad":3,"minecraft:diorite":52,"minecraft:spruce_log":12,"minecraft:birch_leaves":13,"minecraft:coal_ore":197,"minecraft:gravel":8,"minecraft:gold_ore":14,"minecraft:deepslate_emerald_ore":1,"vampirism:altar_tip":24}},"DataVersion":2975}