{"stats":{"minecraft:killed_by":{"born_in_chaos_v1:nightmare_stalker":1,"born_in_chaos_v1:zombie_fisherman":1,"minecraft:zombie":2,"born_in_chaos_v1:scarlet_persecutor":1,"minecraft:player":2,"minecraft:spider":1,"born_in_chaos_v1:swarmer":1,"whisperwoods:zotzpyre":1,"minecraft:skeleton":2,"minecraft:guardian":1,"born_in_chaos_v1:dread_hound":3},"minecraft:broken":{"minecraft:iron_boots":1,"minecraft:stone_pickaxe":3,"minecraft:stone_axe":2,"minecraft:iron_pickaxe":2},"minecraft:killed":{"born_in_chaos_v1:zombie_clown":2,"vampirism:vampire":11,"vampirism:advanced_vampire":2,"born_in_chaos_v1:restless_spirit":7,"minecraft:spider":19,"born_in_chaos_v1:scarlet_persecutor":2,"minecraft:skeleton":6,"vampirism:blinding_bat":1,"minecraft:chicken":4,"vampirism:advanced_hunter":1,"born_in_chaos_v1:baby_skeleton_2":1,"alexsmobs:centipede_head":1,"born_in_chaos_v1:bonescaller":1,"minecraft:pig":4,"born_in_chaos_v1:diamond_termite":24,"born_in_chaos_v1:wither_scuttler":1,"alexsmobs:seal":1,"vampirism:converted_cow":2,"minecraft:creeper":1,"born_in_chaos_v1:shy_spirit":1,"vampirism:hunter":7,"minecraft:sheep":3,"born_in_chaos_v1:zombie_fisherman":4,"minecraft:zombie":19,"born_in_chaos_v1:dread_hound":8,"alexsmobs:terrapin":1,"born_in_chaos_v1:corpse_fly":18,"minecraft:glow_squid":1,"whisperwoods:moth":1,"born_in_chaos_v1:door_knight":6,"minecraft:cow":21,"graveyard:nightmare":1,"minecraft:slime":6,"born_in_chaos_v1:thornshell_crab":1,"born_in_chaos_v1:zombie_bruiser":5,"born_in_chaos_v1:maggot":12,"minecraft:drowned":2,"alexsmobs:flying_fish":1,"born_in_chaos_v1:barrel_zombie":1,"born_in_chaos_v1:fallen_chaos_knight":1,"graveyard:ghoul":2,"born_in_chaos_v1:baby_skeleton":2,"born_in_chaos_v1:swarmer":1,"born_in_chaos_v1:decrepit_skeleton":13,"whisperwoods:zotzpyre":6,"alexsmobs:catfish":1,"born_in_chaos_v1:bloody_gadfly":1,"born_in_chaos_v1:decaying_zombie":4,"alexsmobs:cockroach":2,"born_in_chaos_v1:dark_vortex":2,"born_in_chaos_v1:nightmare_stalker":2,"minecraft:enderman":2},"minecraft:dropped":{"sophisticatedbackpacks:iron_backpack":1,"minecraft:iron_sword":1,"minecraft:porkchop":8,"minecraft:cooked_beef":2,"minecraft:glow_ink_sac":6,"minecraft:glass_bottle":1,"graveyard:corruption":1,"minecraft:cobblestone_stairs":14,"born_in_chaos_v1:monster_flesh":3,"minecraft:dirt":21,"alexsmobs:flying_fish":1,"minecraft:seagrass":5,"minecraft:chain":6,"minecraft:sand":1,"minecraft:iron_pickaxe":6,"minecraft:gravel":8,"minecraft:cobbled_deepslate":33,"vampirism:vampire_orchid":1,"justenoughdrugz:weed_seed":2,"minecraft:rotten_flesh":77,"minecraft:oak_planks":1,"vampirism:blood_bottle":2,"minecraft:carrot":2,"born_in_chaos_v1:corpse_maggot":29,"minecraft:beef":3,"minecraft:egg":1,"epicfight:diamond_greatsword":3,"minecraft:wheat_seeds":5,"minecraft:cobblestone":381,"justenoughdrugz:unrefined_lithium":1,"minecraft:granite":5,"minecraft:stick":2,"born_in_chaos_v1:gnawed_bones":2,"born_in_chaos_v1:river_mint":1,"minecraft:diorite":5,"tombstone:grave_key":1,"minecraft:lily_pad":3,"minecraft:redstone":7,"minecraft:kelp":7,"minecraft:raw_copper":54,"minecraft:tuff":48,"born_in_chaos_v1:rotten_fish":2,"alexsmobs:blobfish":1,"minecraft:iron_boots":1,"justenoughdrugz:golden_cap_mushroom_item":1,"minecraft:stone":45,"minecraft:diamond_pickaxe":3,"minecraft:andesite":4,"minecraft:oak_sapling":2,"minecraft:spider_eye":9,"minecraft:blue_orchid":1,"minecraft:bow":1,"minecraft:wooden_pickaxe":1,"minecraft:magma_block":1},"minecraft:picked_up":{"minecraft:seagrass":7,"minecraft:iron_chestplate":1,"minecraft:wheat":106,"minecraft:prismarine_shard":2,"justenoughdrugz:unrefined_lithium":1,"tombstone:grave_key":1,"minecraft:string":19,"minecraft:raw_copper":54,"minecraft:cobbled_deepslate":272,"minecraft:iron_pickaxe":3,"minecraft:iron_boots":2,"minecraft:stick":5,"born_in_chaos_v1:shattered_skull":3,"minecraft:oak_fence":1,"minecraft:torch":10,"epicfight:diamond_greatsword":5,"minecraft:porkchop":17,"epicfight:skillbook":1,"minecraft:diorite":11,"tombstone:grave_dust":18,"vampirism:vampire_fang":7,"born_in_chaos_v1:nightmare_claw":2,"minecraft:black_dye":2,"vampirism:blood_bottle":5,"minecraft:rotten_flesh":79,"minecraft:obsidian":13,"alexsmobs:flying_fish":2,"minecraft:cobblestone":1068,"minecraft:birch_log":3,"vampirism:vampire_book":1,"justenoughdrugz:golden_cap_mushroom_item":1,"minecraft:magma_block":1,"minecraft:feather":6,"minecraft:andesite":45,"minecraft:tuff":48,"minecraft:dirt":104,"minecraft:lapis_lazuli":40,"securitycraft:sentry":1,"born_in_chaos_v1:monster_skin":7,"minecraft:bone":27,"minecraft:bow":1,"minecraft:wheat_seeds":305,"vampirism:altar_pillar":4,"minecraft:raw_gold":25,"alexsmobs:blobfish":1,"vampirism:ring":1,"minecraft:sand":40,"sophisticatedbackpacks:iron_backpack":1,"minecraft:grass_block":1,"minecraft:bundle":1,"minecraft:iron_hoe":1,"minecraft:diamond":14,"tombstone:familiar_stone":1,"waystones:waystone":2,"minecraft:granite":7,"minecraft:emerald":2,"born_in_chaos_v1:rotten_fish":3,"minecraft:oak_sapling":2,"minecraft:diamond_pickaxe":3,"born_in_chaos_v1:diamond_termite_shard":23,"minecraft:chicken":4,"born_in_chaos_v1:river_mint":1,"born_in_chaos_v1:seedof_chaos":2,"minecraft:chain":10,"born_in_chaos_v1:intoxicating_decoction":3,"minecraft:blue_orchid":1,"graveyard:corruption":2,"vampirism:cursed_earth":4,"minecraft:beef":40,"justenoughdrugz:weed_seed":2,"born_in_chaos_v1:gnawed_bones":2,"minecraft:sugar_cane":168,"minecraft:egg":1,"vampirism:holy_salt":2,"minecraft:raw_iron":180,"minecraft:stone":1,"sophisticatedbackpacks:backpack":1,"born_in_chaos_v1:pieceofdarkmetal":6,"minecraft:carrot":3,"minecraft:redstone":78,"minecraft:arrow":12,"born_in_chaos_v1:spiny_shell":2,"minecraft:mutton":4,"minecraft:white_wool":3,"born_in_chaos_v1:corpse_maggot":34,"minecraft:glow_ink_sac":6,"born_in_chaos_v1:monster_flesh":7,"minecraft:leather":21,"minecraft:oak_log":40,"minecraft:chainmail_chestplate":1,"minecraft:lily_pad":3,"minecraft:gunpowder":2,"minecraft:cobblestone_stairs":2,"tombstone:gift":1,"vampirism:human_heart":2,"minecraft:kelp":7,"minecraft:iron_ingot":5,"minecraft:glass_bottle":1,"born_in_chaos_v1:ethereal_spirit":12,"minecraft:gravel":8,"justenoughdrugz:unrefined_oil":1,"securitycraft:reinforced_iron_block":9,"minecraft:white_bed":1,"minecraft:spider_eye":12,"minecraft:slime_ball":2,"minecraft:chainmail_leggings":1,"minecraft:iron_helmet":2,"vampirism:vampire_orchid":6,"minecraft:damaged_anvil":1,"minecraft:coal":115,"minecraft:ender_pearl":2},"minecraft:crafted":{"minecraft:oak_planks":160,"minecraft:cooked_chicken":4,"minecraft:stone":104,"minecraft:cobblestone_stairs":108,"securitycraft:keypad_item":1,"minecraft:bookshelf":4,"minecraft:heavy_weighted_pressure_plate":1,"minecraft:cooked_mutton":4,"vampirism:castle_block_normal_brick":8,"securitycraft:laser_block":1,"minecraft:glass":39,"minecraft:bow":3,"vampirism:altar_inspiration":1,"tombstone:grave_key":2,"minecraft:chest":2,"minecraft:stone_hoe":1,"minecraft:stone_bricks":52,"minecraft:oak_fence":24,"minecraft:glass_bottle":12,"minecraft:cooked_porkchop":9,"minecraft:crafting_table":8,"minecraft:wooden_pickaxe":2,"minecraft:birch_planks":12,"minecraft:dispenser":3,"minecraft:book":18,"minecraft:paper":102,"minecraft:diamond_pickaxe":1,"minecraft:shield":1,"minecraft:stick":84,"minecraft:iron_ingot":179,"minecraft:iron_pickaxe":5,"minecraft:iron_block":13,"minecraft:gold_ingot":13,"minecraft:redstone_torch":3,"securitycraft:universal_block_reinforcer_lvl1":1,"epicfight:diamond_greatsword":1,"minecraft:redstone":18,"vampirism:altar_tip":4,"securitycraft:sentry":3,"minecraft:furnace":5,"minecraft:stone_button":8,"minecraft:bone_meal":6,"minecraft:glass_pane":16,"minecraft:diamond":1,"vampirism:altar_infusion":1,"minecraft:stone_pickaxe":3,"minecraft:redstone_block":8,"minecraft:cooked_beef":2,"securitycraft:portable_radar":3,"minecraft:iron_sword":1,"minecraft:bucket":1,"minecraft:stone_axe":2,"minecraft:air":0,"minecraft:oak_fence_gate":1,"vampirism:altar_pillar":4,"minecraft:iron_shovel":1,"minecraft:white_bed":1,"minecraft:torch":84},"minecraft:used":{"minecraft:iron_shovel":40,"vampirism:altar_infusion":1,"minecraft:chest":2,"minecraft:shield":9,"minecraft:iron_sword":241,"securitycraft:keypad_item":1,"born_in_chaos_v1:corpse_maggot":2,"epicfight:diamond_greatsword":422,"minecraft:furnace":5,"epicfight:skillbook":1,"minecraft:diorite":6,"minecraft:damaged_anvil":1,"minecraft:stone_pickaxe":400,"minecraft:oak_planks":2,"minecraft:wooden_pickaxe":71,"minecraft:sugar_cane":64,"waystones:waystone":1,"vampirism:altar_pillar":8,"tombstone:grave_key":1,"minecraft:andesite":41,"minecraft:chain":2,"minecraft:bone_meal":6,"minecraft:oak_fence":22,"minecraft:stone_hoe":38,"minecraft:cooked_chicken":4,"minecraft:torch":94,"minecraft:dirt":76,"minecraft:granite":2,"minecraft:oak_fence_gate":1,"securitycraft:sentry":4,"tombstone:gift":6,"minecraft:cobbled_deepslate":228,"minecraft:wheat_seeds":144,"minecraft:cooked_mutton":4,"minecraft:water_bucket":18,"vampirism:altar_inspiration":1,"minecraft:cobblestone_stairs":96,"minecraft:crafting_table":8,"vampirism:castle_block_normal_brick":8,"minecraft:white_bed":2,"minecraft:diamond_pickaxe":106,"minecraft:iron_pickaxe":1208,"vampirism:altar_tip":4,"minecraft:stone_axe":161,"minecraft:cobblestone":350,"minecraft:cooked_porkchop":9,"minecraft:bucket":19,"alexsmobs:animal_dictionary":1},"minecraft:mined":{"minecraft:white_bed":1,"minecraft:cobblestone_stairs":2,"justenoughdrugz:golden_cap_mushroom":1,"minecraft:obsidian":13,"minecraft:granite":20,"minecraft:grass_block":47,"minecraft:magma_block":1,"minecraft:iron_ore":130,"minecraft:cobbled_deepslate":19,"minecraft:fire":1,"minecraft:deepslate_lapis_ore":3,"minecraft:blue_orchid":1,"minecraft:deepslate_redstone_ore":16,"born_in_chaos_v1:infected_deepslate_diamond_ore":10,"minecraft:dead_bush":3,"minecraft:cobblestone":28,"minecraft:sugar_cane":80,"minecraft:damaged_anvil":1,"minecraft:wall_torch":4,"minecraft:seagrass":2,"minecraft:chain":1,"justenoughdrugz:lithium_ore":1,"minecraft:birch_log":3,"minecraft:wheat":108,"minecraft:grass":61,"minecraft:oak_log":33,"minecraft:sand":41,"minecraft:dirt":60,"vampirism:cursed_grass_block":1,"minecraft:oak_leaves":77,"minecraft:deepslate":263,"minecraft:diamond_ore":4,"minecraft:tuff":26,"minecraft:deepslate_diamond_ore":10,"born_in_chaos_v1:infected_diamond_ore":6,"vampirism:altar_pillar":4,"minecraft:glow_lichen":1,"vampirism:vampire_orchid":6,"minecraft:redstone_ore":1,"justenoughdrugz:oil_ore":1,"minecraft:andesite":54,"minecraft:deepslate_iron_ore":51,"minecraft:vine":19,"minecraft:stone":894,"vampirism:cursed_earth":3,"minecraft:oak_fence":1,"minecraft:emerald_ore":1,"minecraft:copper_ore":15,"minecraft:tall_grass":1,"minecraft:deepslate_gold_ore":12,"minecraft:lapis_ore":3,"minecraft:lily_pad":3,"minecraft:diorite":17,"minecraft:birch_leaves":13,"minecraft:coal_ore":116,"minecraft:gravel":8,"minecraft:gold_ore":14,"minecraft:deepslate_emerald_ore":1},"minecraft:custom":{"minecraft:animals_bred":56,"minecraft:interact_with_crafting_table":101,"minecraft:open_barrel":8,"minecraft:leave_game":5,"minecraft:time_since_death":3732,"minecraft:damage_resisted":30,"minecraft:sprint_one_cm":1946879,"minecraft:damage_blocked_by_shield":310,"minecraft:drop":165,"minecraft:play_time":610846,"minecraft:deaths":20,"minecraft:jump":6576,"minecraft:walk_on_water_one_cm":363122,"minecraft:interact_with_furnace":156,"minecraft:sleep_in_bed":9,"minecraft:waystone_activated":2,"minecraft:damage_dealt":55487,"minecraft:crouch_one_cm":111244,"tombstone:undead_killed":70,"minecraft:mob_kills":277,"minecraft:interact_with_anvil":3,"minecraft:damage_dealt_resisted":5161,"minecraft:climb_one_cm":22303,"minecraft:walk_one_cm":2721078,"minecraft:damage_dealt_absorbed":291,"vampirism:infected_creatures":10,"minecraft:sneak_time":24870,"minecraft:walk_under_water_one_cm":85526,"minecraft:total_world_time":610846,"minecraft:time_since_rest":22,"minecraft:damage_taken":1411972,"minecraft:swim_one_cm":28210,"minecraft:fly_one_cm":2290840,"minecraft:open_chest":72,"minecraft:fall_one_cm":88497}},"DataVersion":2975}