{"stats":{"minecraft:killed_by":{"born_in_chaos_v1:nightmare_stalker":2,"minecraft:piglin_brute":1,"born_in_chaos_v1:zombie_fisherman":1,"minecraft:zombie":2,"born_in_chaos_v1:scarlet_persecutor":1,"vampirism:hunter":1,"minecraft:player":3,"minecraft:spider":1,"born_in_chaos_v1:swarmer":1,"whisperwoods:zotzpyre":1,"minecraft:skeleton":2,"minecraft:guardian":1,"born_in_chaos_v1:dread_hound":3},"minecraft:used":{"minecraft:iron_shovel":40,"vampirism:altar_infusion":1,"vampirism:heart_striker_enhanced":5,"minecraft:chest":2,"minecraft:shield":9,"minecraft:stone":2,"minecraft:iron_sword":241,"securitycraft:keypad_item":1,"born_in_chaos_v1:corpse_maggot":2,"minecraft:grass_block":1,"epicfight:diamond_greatsword":668,"minecraft:furnace":5,"minecraft:skeleton_skull":2,"epicfight:skillbook":4,"minecraft:diorite":6,"minecraft:damaged_anvil":1,"epicfight:netherite_greatsword":195,"minecraft:oak_planks":4,"minecraft:stone_pickaxe":400,"minecraft:blackstone":2,"minecraft:wooden_pickaxe":71,"minecraft:sugar_cane":65,"waystones:waystone":3,"vampirism:altar_pillar":35,"vampirism:cursed_earth":1,"tombstone:grave_key":1,"minecraft:deepslate":4,"tombstone:familiar_stone":4,"minecraft:smithing_table":1,"minecraft:andesite":43,"minecraft:chain":2,"minecraft:bone_meal":6,"minecraft:oak_fence":22,"minecraft:enchanting_table":1,"minecraft:spruce_planks":20,"minecraft:cooked_chicken":4,"minecraft:stone_hoe":38,"minecraft:netherrack":6,"minecraft:torch":95,"minecraft:dirt":82,"minecraft:granite":9,"minecraft:oak_fence_gate":1,"minecraft:bookshelf":16,"minecraft:iron_axe":92,"securitycraft:remote_access_sentry":1,"securitycraft:sentry":6,"tombstone:gift":7,"minecraft:cobbled_deepslate":240,"minecraft:wheat_seeds":320,"minecraft:cooked_mutton":4,"minecraft:water_bucket":18,"vampirism:coffin":5,"vampirism:altar_inspiration":1,"minecraft:cobblestone_stairs":96,"minecraft:crafting_table":8,"minecraft:white_bed":3,"vampirism:castle_block_normal_brick":48,"tombstone:bag_of_seeds":1,"minecraft:diamond_pickaxe":1095,"waystones:mossy_waystone":3,"minecraft:iron_pickaxe":1299,"vampirism:altar_tip":28,"minecraft:stone_axe":161,"minecraft:cobblestone":406,"minecraft:cooked_porkchop":9,"minecraft:bucket":19,"alexsmobs:animal_dictionary":4},"minecraft:mined":{"minecraft:spruce_planks":1,"minecraft:white_bed":2,"minecraft:cobblestone_stairs":2,"justenoughdrugz:golden_cap_mushroom":1,"minecraft:obsidian":13,"minecraft:granite":46,"minecraft:chiseled_polished_blackstone":1,"minecraft:grass_block":48,"minecraft:cracked_polished_blackstone_bricks":34,"minecraft:gilded_blackstone":1,"minecraft:polished_blackstone_bricks":41,"minecraft:weeping_vines_plant":1,"minecraft:magma_block":1,"minecraft:iron_ore":280,"minecraft:fire":4,"minecraft:cobbled_deepslate":31,"minecraft:deepslate_lapis_ore":6,"vampirism:coffin":4,"minecraft:blue_orchid":1,"minecraft:deepslate_redstone_ore":16,"minecraft:blackstone":37,"minecraft:crimson_nylium":2,"born_in_chaos_v1:infected_deepslate_diamond_ore":10,"minecraft:dead_bush":3,"minecraft:cobblestone":30,"minecraft:damaged_anvil":1,"minecraft:sugar_cane":152,"vampirism:vampire_spruce_leaves":3,"minecraft:wall_torch":4,"minecraft:skeleton_skull":2,"minecraft:seagrass":2,"minecraft:chain":1,"minecraft:nether_wart_block":1,"justenoughdrugz:lithium_ore":1,"minecraft:birch_log":3,"minecraft:wheat":283,"minecraft:grass":63,"minecraft:oak_log":49,"minecraft:dirt":76,"minecraft:sand":41,"vampirism:cursed_grass_block":4,"minecraft:netherrack":105,"minecraft:oak_leaves":83,"minecraft:deepslate":458,"minecraft:diamond_ore":4,"minecraft:tuff":26,"minecraft:deepslate_diamond_ore":14,"born_in_chaos_v1:infected_diamond_ore":10,"vampirism:altar_pillar":27,"minecraft:glow_lichen":1,"vampirism:vampire_orchid":11,"minecraft:redstone_ore":1,"vampirism:castle_block_normal_brick":48,"justenoughdrugz:oil_ore":1,"minecraft:andesite":90,"minecraft:gold_block":2,"minecraft:deepslate_iron_ore":59,"minecraft:vine":21,"minecraft:stone":1060,"vampirism:cursed_earth":24,"minecraft:smithing_table":1,"minecraft:oak_fence":1,"minecraft:emerald_ore":2,"minecraft:copper_ore":15,"minecraft:tall_grass":1,"minecraft:deepslate_gold_ore":17,"minecraft:lapis_ore":10,"minecraft:lily_pad":3,"minecraft:diorite":52,"minecraft:spruce_log":12,"minecraft:birch_leaves":13,"minecraft:coal_ore":197,"minecraft:gravel":9,"minecraft:gold_ore":19,"minecraft:deepslate_emerald_ore":1,"vampirism:altar_tip":24},"minecraft:killed":{"born_in_chaos_v1:zombie_clown":4,"vampirism:vampire":27,"alexsmobs:lobster":1,"vampirism:advanced_vampire":2,"born_in_chaos_v1:restless_spirit":9,"born_in_chaos_v1:skeleton_demoman":1,"minecraft:spider":33,"born_in_chaos_v1:scarlet_persecutor":6,"minecraft:skeleton":7,"vampirism:blinding_bat":1,"minecraft:chicken":4,"born_in_chaos_v1:skeleton_thrasher":1,"vampirism:advanced_hunter":4,"born_in_chaos_v1:baby_skeleton_2":4,"alexsmobs:centipede_head":1,"minecraft:piglin_brute":1,"vampirism:vampire_baron":1,"born_in_chaos_v1:bonescaller":1,"minecraft:pig":4,"born_in_chaos_v1:diamond_termite":29,"born_in_chaos_v1:wither_scuttler":1,"alexsmobs:seal":1,"vampirism:converted_cow":2,"minecraft:creeper":2,"born_in_chaos_v1:shy_spirit":3,"vampirism:hunter":31,"minecraft:sheep":6,"born_in_chaos_v1:zombie_fisherman":5,"minecraft:zombie":27,"born_in_chaos_v1:dread_hound":23,"alexsmobs:terrapin":1,"born_in_chaos_v1:corpse_fly":28,"alexsmobs:fly":1,"minecraft:glow_squid":1,"whisperwoods:moth":1,"born_in_chaos_v1:door_knight":7,"minecraft:cow":71,"graveyard:nightmare":1,"alexsmobs:raccoon":1,"alexsmobs:seagull":1,"minecraft:slime":6,"born_in_chaos_v1:thornshell_crab":1,"born_in_chaos_v1:zombie_bruiser":8,"born_in_chaos_v1:firelight":3,"born_in_chaos_v1:maggot":21,"born_in_chaos_v1:dire_hound_leader":2,"minecraft:drowned":2,"alexsmobs:flying_fish":1,"born_in_chaos_v1:barrel_zombie":3,"born_in_chaos_v1:fallen_chaos_knight":3,"graveyard:ghoul":5,"born_in_chaos_v1:baby_skeleton":3,"born_in_chaos_v1:swarmer":2,"born_in_chaos_v1:decrepit_skeleton":30,"whisperwoods:zotzpyre":14,"alexsmobs:catfish":1,"born_in_chaos_v1:bloody_gadfly":2,"born_in_chaos_v1:decaying_zombie":7,"alexsmobs:cockroach":2,"born_in_chaos_v1:dark_vortex":2,"born_in_chaos_v1:nightmare_stalker":4,"minecraft:enderman":8},"minecraft:crafted":{"minecraft:oak_planks":232,"minecraft:cooked_chicken":4,"minecraft:stone":140,"minecraft:cobblestone_stairs":108,"vampirism:coffin":1,"securitycraft:keypad_item":1,"minecraft:bookshelf":16,"minecraft:heavy_weighted_pressure_plate":1,"minecraft:cooked_mutton":4,"vampirism:castle_block_normal_brick":8,"securitycraft:laser_block":1,"minecraft:glass":39,"minecraft:bow":4,"vampirism:altar_inspiration":1,"tombstone:grave_key":3,"minecraft:chest":2,"minecraft:stone_hoe":1,"minecraft:stone_bricks":56,"minecraft:oak_fence":24,"minecraft:golden_boots":2,"minecraft:glass_bottle":12,"minecraft:cooked_porkchop":9,"minecraft:crafting_table":8,"minecraft:spruce_planks":44,"minecraft:wooden_pickaxe":2,"minecraft:birch_planks":12,"minecraft:dispenser":4,"minecraft:book":55,"minecraft:paper":216,"minecraft:diamond_pickaxe":1,"minecraft:shield":1,"minecraft:stick":104,"minecraft:iron_ingot":308,"minecraft:iron_pickaxe":6,"minecraft:iron_block":16,"minecraft:gold_ingot":25,"minecraft:redstone_torch":5,"securitycraft:universal_block_reinforcer_lvl1":1,"epicfight:diamond_greatsword":1,"minecraft:redstone":36,"vampirism:altar_tip":4,"securitycraft:sentry":4,"born_in_chaos_v1:nightmare_mantleofthe_night_boots":1,"minecraft:furnace":5,"minecraft:stone_button":8,"minecraft:bone_meal":6,"minecraft:glass_pane":16,"minecraft:diamond":1,"vampirism:altar_infusion":1,"minecraft:iron_axe":1,"epicfight:netherite_greatsword":1,"minecraft:stone_pickaxe":3,"minecraft:redstone_block":8,"sophisticatedbackpacks:iron_backpack":1,"minecraft:cooked_beef":70,"securitycraft:portable_radar":4,"minecraft:enchanting_table":1,"minecraft:iron_sword":1,"sophisticatedbackpacks:gold_backpack":1,"minecraft:bucket":1,"minecraft:bone":6,"minecraft:stone_axe":2,"minecraft:air":0,"minecraft:oak_fence_gate":1,"vampirism:altar_pillar":8,"securitycraft:remote_access_sentry":1,"minecraft:white_wool":1,"minecraft:iron_shovel":1,"minecraft:white_bed":1,"minecraft:torch":84},"minecraft:broken":{"minecraft:iron_boots":1,"minecraft:stone_pickaxe":3,"minecraft:chainmail_chestplate":1,"minecraft:stone_axe":2,"minecraft:iron_pickaxe":2,"minecraft:iron_helmet":2},"minecraft:picked_up":{"minecraft:seagrass":7,"minecraft:iron_chestplate":1,"minecraft:wheat":278,"minecraft:prismarine_shard":2,"justenoughdrugz:unrefined_lithium":1,"minecraft:smithing_table":1,"minecraft:gilded_blackstone":1,"tombstone:grave_key":1,"minecraft:string":30,"minecraft:raw_copper":55,"minecraft:gold_nugget":3,"minecraft:cobbled_deepslate":284,"minecraft:spruce_planks":1,"minecraft:iron_pickaxe":3,"alexsmobs:raccoon_tail":2,"minecraft:deepslate_iron_ore":8,"minecraft:iron_boots":2,"minecraft:stick":7,"epicfight:netherite_greatsword":3,"born_in_chaos_v1:shattered_skull":4,"minecraft:oak_fence":1,"minecraft:torch":11,"epicfight:diamond_greatsword":10,"epicfight:skillbook":5,"minecraft:porkchop":17,"vampirism:holy_water_bottle_enhanced":1,"vampirism:vampire_fang":14,"tombstone:grave_dust":22,"minecraft:diorite":46,"born_in_chaos_v1:nightmare_claw":3,"minecraft:black_dye":2,"vampirism:blood_bottle":6,"minecraft:rotten_flesh":137,"minecraft:obsidian":23,"minecraft:cod":3,"alexsmobs:lobster_tail":1,"alexsmobs:flying_fish":2,"minecraft:cobblestone":1212,"minecraft:birch_log":3,"minecraft:magma_block":1,"justenoughdrugz:golden_cap_mushroom_item":1,"vampirism:vampire_book":1,"minecraft:feather":7,"minecraft:andesite":52,"vampirism:coffin":4,"minecraft:tuff":48,"minecraft:lapis_lazuli":40,"minecraft:dirt":122,"securitycraft:sentry":2,"born_in_chaos_v1:monster_skin":23,"minecraft:bone":62,"minecraft:bow":1,"minecraft:wheat_seeds":914,"vampirism:altar_pillar":27,"minecraft:raw_gold":25,"alexsmobs:blobfish":1,"minecraft:chiseled_polished_blackstone":1,"vampirism:ring":3,"minecraft:sand":40,"vampirism:hunter_coat_chest_ultimate":1,"sophisticatedbackpacks:iron_backpack":1,"minecraft:grass_block":3,"vampirism:pure_blood_0":1,"minecraft:bundle":2,"minecraft:iron_hoe":1,"tombstone:familiar_stone":3,"minecraft:diamond":14,"minecraft:deepslate":135,"waystones:waystone":3,"minecraft:deepslate_gold_ore":5,"minecraft:cracked_polished_blackstone_bricks":28,"minecraft:granite":34,"minecraft:emerald":3,"alexsmobs:maggot":2,"minecraft:oak_sapling":6,"born_in_chaos_v1:rotten_fish":5,"minecraft:netherrack":102,"minecraft:diamond_pickaxe":3,"vampirism:castle_block_normal_brick":56,"born_in_chaos_v1:diamond_termite_shard":27,"minecraft:chicken":4,"born_in_chaos_v1:river_mint":1,"born_in_chaos_v1:seedof_chaos":3,"vampirism:heart_striker_enhanced":1,"minecraft:gold_block":2,"minecraft:chain":13,"born_in_chaos_v1:intoxicating_decoction":6,"minecraft:blackstone":36,"minecraft:blue_orchid":1,"graveyard:corruption":2,"vampirism:cursed_earth":26,"minecraft:deepslate_diamond_ore":4,"minecraft:beef":133,"born_in_chaos_v1:gnawed_bones":3,"justenoughdrugz:weed_seed":2,"minecraft:poppy":1,"minecraft:sugar_cane":285,"minecraft:egg":1,"vampirism:holy_salt":11,"minecraft:raw_iron":309,"minecraft:stone":21,"vampirism:vampire_spruce_sapling":2,"sophisticatedbackpacks:backpack":1,"minecraft:polished_blackstone_bricks":37,"born_in_chaos_v1:pieceofdarkmetal":15,"minecraft:carrot":3,"minecraft:redstone":78,"minecraft:arrow":14,"born_in_chaos_v1:spiny_shell":2,"minecraft:mutton":14,"minecraft:skeleton_skull":2,"minecraft:white_wool":6,"minecraft:lapis_ore":7,"born_in_chaos_v1:corpse_maggot":45,"vampirism:vampire_blood_bottle":2,"born_in_chaos_v1:monster_flesh":29,"minecraft:golden_carrot":1,"minecraft:glow_ink_sac":7,"minecraft:leather":78,"minecraft:oak_log":58,"minecraft:chainmail_chestplate":3,"minecraft:lily_pad":3,"minecraft:nether_wart_block":1,"minecraft:gunpowder":5,"minecraft:cobblestone_stairs":2,"tombstone:gift":1,"vampirism:human_heart":7,"minecraft:stone_bricks":4,"minecraft:kelp":10,"minecraft:iron_ingot":8,"minecraft:iron_ore":20,"tombstone:bag_of_seeds":1,"minecraft:glass_bottle":1,"minecraft:iron_sword":1,"born_in_chaos_v1:ethereal_spirit":19,"waystones:mossy_waystone":3,"minecraft:gravel":8,"justenoughdrugz:unrefined_oil":1,"born_in_chaos_v1:fangofthe_hound_leader":3,"minecraft:white_bed":2,"securitycraft:reinforced_iron_block":12,"minecraft:spruce_log":11,"minecraft:spider_eye":17,"minecraft:slime_ball":2,"vampirism:altar_tip":24,"minecraft:chainmail_leggings":3,"minecraft:iron_helmet":3,"minecraft:scute":1,"vampirism:vampire_orchid":11,"tombstone:magic_scroll":1,"minecraft:damaged_anvil":1,"minecraft:crimson_nylium":2,"minecraft:coal":191,"minecraft:ender_pearl":6},"minecraft:custom":{"minecraft:animals_bred":124,"minecraft:interact_with_crafting_table":144,"minecraft:open_barrel":12,"minecraft:leave_game":17,"minecraft:time_since_death":16114,"minecraft:damage_resisted":182,"minecraft:sprint_one_cm":3050376,"minecraft:damage_blocked_by_shield":310,"minecraft:drop":323,"minecraft:play_time":1049579,"minecraft:deaths":25,"minecraft:jump":10424,"minecraft:enchant_item":2,"minecraft:walk_on_water_one_cm":438236,"minecraft:interact_with_furnace":251,"minecraft:sleep_in_bed":18,"minecraft:waystone_activated":7,"tombstone:sneak_grave":1,"minecraft:damage_dealt":109205,"minecraft:crouch_one_cm":155722,"tombstone:undead_killed":120,"minecraft:interact_with_smithing_table":1,"minecraft:interact_with_anvil":7,"minecraft:mob_kills":520,"minecraft:damage_dealt_resisted":9191,"minecraft:climb_one_cm":41405,"minecraft:walk_one_cm":4751548,"minecraft:damage_dealt_absorbed":475,"vampirism:infected_creatures":10,"minecraft:sneak_time":50805,"minecraft:walk_under_water_one_cm":99092,"minecraft:boat_one_cm":9400,"minecraft:total_world_time":1049579,"minecraft:time_since_rest":40,"minecraft:damage_taken":1622741,"minecraft:swim_one_cm":49182,"minecraft:fly_one_cm":5324958,"minecraft:open_chest":143,"minecraft:fall_one_cm":161692},"minecraft:dropped":{"sophisticatedbackpacks:iron_backpack":1,"minecraft:crimson_nylium":2,"minecraft:iron_sword":2,"minecraft:porkchop":8,"minecraft:cooked_beef":70,"minecraft:glow_ink_sac":6,"minecraft:glass_bottle":1,"graveyard:corruption":1,"minecraft:cod":2,"minecraft:cobblestone_stairs":14,"born_in_chaos_v1:monster_flesh":26,"minecraft:cracked_polished_blackstone_bricks":1,"minecraft:dirt":33,"minecraft:mutton":10,"alexsmobs:flying_fish":1,"minecraft:seagrass":7,"minecraft:chain":11,"minecraft:gold_nugget":3,"minecraft:sand":1,"minecraft:iron_pickaxe":6,"alexsmobs:raccoon_tail":2,"minecraft:white_wool":1,"minecraft:gravel":8,"minecraft:chiseled_polished_blackstone":1,"minecraft:sugar_cane":4,"minecraft:cobbled_deepslate":33,"minecraft:wheat":1,"vampirism:vampire_orchid":1,"justenoughdrugz:weed_seed":2,"minecraft:rotten_flesh":133,"minecraft:oak_planks":5,"vampirism:blood_bottle":2,"minecraft:carrot":3,"vampirism:vampire_blood_bottle":1,"born_in_chaos_v1:fangofthe_hound_leader":2,"born_in_chaos_v1:corpse_maggot":43,"minecraft:beef":3,"minecraft:netherrack":11,"minecraft:egg":1,"minecraft:golden_boots":1,"epicfight:diamond_greatsword":4,"minecraft:iron_ingot":1,"minecraft:bread":1,"minecraft:black_dye":2,"born_in_chaos_v1:shattered_skull":1,"minecraft:wheat_seeds":523,"minecraft:oak_fence":3,"minecraft:feather":1,"minecraft:cobblestone":389,"justenoughdrugz:unrefined_lithium":1,"minecraft:granite":8,"minecraft:grass_block":2,"minecraft:stick":2,"born_in_chaos_v1:gnawed_bones":2,"minecraft:diorite":39,"born_in_chaos_v1:river_mint":1,"tombstone:grave_key":1,"minecraft:nether_wart_block":1,"vampirism:cursed_earth":21,"minecraft:lily_pad":3,"minecraft:redstone":7,"minecraft:kelp":10,"alexsmobs:maggot":2,"minecraft:raw_copper":55,"minecraft:cocoa_beans":2,"minecraft:deepslate":67,"minecraft:tuff":48,"born_in_chaos_v1:rotten_fish":5,"alexsmobs:blobfish":1,"minecraft:iron_boots":1,"justenoughdrugz:golden_cap_mushroom_item":1,"vampirism:heart_striker_enhanced":1,"minecraft:pumpkin_seeds":4,"vampirism:castle_block_normal_brick":8,"minecraft:stone":45,"alexsmobs:lobster_tail":1,"minecraft:spruce_planks":1,"minecraft:bundle":1,"minecraft:diamond_pickaxe":3,"minecraft:iron_chestplate":1,"minecraft:andesite":8,"minecraft:oak_sapling":6,"minecraft:spider_eye":15,"minecraft:blue_orchid":1,"minecraft:bow":1,"minecraft:wooden_pickaxe":1,"minecraft:magma_block":1}},"DataVersion":2975}