{"stats":{"minecraft:killed_by":{"born_in_chaos_v1:nightmare_stalker":1},"minecraft:broken":{"minecraft:stone_pickaxe":2},"minecraft:killed":{"born_in_chaos_v1:barrel_zombie":1,"minecraft:spider":1,"born_in_chaos_v1:thornshell_crab":1,"born_in_chaos_v1:maggot":2,"minecraft:sheep":6,"born_in_chaos_v1:zombie_fisherman":1,"minecraft:zombie":1,"born_in_chaos_v1:corpse_fly":1},"minecraft:dropped":{"minecraft:bread":14,"minecraft:wheat_seeds":4,"minecraft:rotten_flesh":1,"minecraft:salmon":1,"minecraft:dirt":192,"minecraft:cornflower":1,"tombstone:grave_key":1,"minecraft:rose_bush":16,"minecraft:seagrass":1,"minecraft:oak_sapling":1,"minecraft:dandelion":2},"minecraft:picked_up":{"born_in_chaos_v1:corpse_maggot":3,"minecraft:seagrass":1,"minecraft:crafting_table":2,"minecraft:salmon":1,"minecraft:potato":1,"minecraft:oak_log":211,"minecraft:dirt":350,"minecraft:cornflower":1,"minecraft:apple":4,"minecraft:wheat_seeds":4,"minecraft:rose_bush":9,"minecraft:cyan_wool":10,"justenoughdrugz:weed_seed":4,"minecraft:light_gray_wool":1,"minecraft:oak_planks":28,"minecraft:stick":15,"minecraft:dandelion":2,"minecraft:white_bed":1,"minecraft:spruce_log":5,"minecraft:carrot":3,"minecraft:arrow":1,"minecraft:rotten_flesh":1,"minecraft:slime_ball":1,"minecraft:hay_block":3,"born_in_chaos_v1:spiny_shell":2,"minecraft:bread":8,"born_in_chaos_v1:rotten_fish":1,"minecraft:oak_sapling":57,"minecraft:black_wool":1,"minecraft:mutton":9,"minecraft:coal":1,"minecraft:white_wool":4,"minecraft:cobblestone":12},"minecraft:crafted":{"minecraft:wooden_sword":1,"minecraft:oak_planks":380,"minecraft:emerald":1,"minecraft:crafting_table":4,"minecraft:spruce_planks":20,"minecraft:wooden_pickaxe":2,"minecraft:iron_boots":1,"minecraft:shield":1,"minecraft:stick":64,"minecraft:stone_pickaxe":2,"minecraft:stone_sword":1,"minecraft:chest":1,"minecraft:iron_leggings":1,"minecraft:stone_hoe":1},"minecraft:mined":{"minecraft:white_bed":1,"minecraft:oak_sapling":7,"minecraft:dandelion":1,"minecraft:crafting_table":2,"minecraft:cornflower":1,"minecraft:grass_block":132,"minecraft:poppy":2,"minecraft:rose_bush":1,"minecraft:tall_grass":5,"minecraft:cobblestone":1,"minecraft:spruce_leaves":9,"minecraft:oak_planks":28,"minecraft:cyan_wool":10,"minecraft:spruce_log":5,"minecraft:grass":66,"minecraft:oak_log":211,"minecraft:coal_ore":1,"minecraft:dirt":305,"minecraft:stone":12,"minecraft:oak_leaves":813},"minecraft:used":{"minecraft:stone_sword":112,"minecraft:stone_pickaxe":274,"minecraft:oak_planks":297,"minecraft:wooden_pickaxe":79,"minecraft:chest":1,"minecraft:spruce_planks":1,"minecraft:shield":5,"minecraft:dirt":30,"minecraft:crafting_table":6,"minecraft:white_bed":1,"minecraft:oak_log":116,"minecraft:bread":19,"minecraft:light_gray_wool":1,"minecraft:wooden_sword":34,"minecraft:cobblestone":1,"minecraft:oak_sapling":45,"tombstone:gift":1,"minecraft:experience_bottle":8},"minecraft:custom":{"minecraft:mob_kills":15,"minecraft:traded_with_villager":1,"minecraft:interact_with_crafting_table":13,"minecraft:leave_game":9,"minecraft:time_since_death":187813,"minecraft:sleep_in_bed":16,"minecraft:time_since_rest":608,"minecraft:sprint_one_cm":351518,"minecraft:damage_taken":687,"minecraft:walk_one_cm":1964076,"minecraft:damage_blocked_by_shield":295,"minecraft:drop":38,"minecraft:damage_dealt":2261,"minecraft:damage_dealt_absorbed":42,"minecraft:talked_to_villager":7,"minecraft:fly_one_cm":45494,"minecraft:open_chest":25,"minecraft:crouch_one_cm":2922,"minecraft:play_time":188761,"tombstone:undead_killed":3,"minecraft:deaths":1,"minecraft:sneak_time":181,"minecraft:walk_under_water_one_cm":811,"minecraft:jump":918,"minecraft:walk_on_water_one_cm":42655,"minecraft:total_world_time":188761,"minecraft:fall_one_cm":6260}},"DataVersion":2975}