{"stats":{"minecraft:killed_by":{"born_in_chaos_v1:bloody_gadfly":1,"born_in_chaos_v1:nightmare_stalker":1,"born_in_chaos_v1:zombie_fisherman":1,"born_in_chaos_v1:corpse_fly":2,"born_in_chaos_v1:bonescaller":1,"born_in_chaos_v1:dread_hound":1,"born_in_chaos_v1:maggot":1},"minecraft:crafted":{"minecraft:oak_planks":588,"minecraft:cobblestone_slab":6,"minecraft:stone_shovel":1,"minecraft:furnace":1,"minecraft:cooked_mutton":4,"minecraft:stone_pickaxe":4,"minecraft:chest":1,"minecraft:stone_hoe":1,"minecraft:crafting_table":2,"minecraft:wooden_pickaxe":2,"minecraft:bucket":2,"minecraft:stone_axe":3,"minecraft:shield":1,"minecraft:stick":60,"minecraft:iron_ingot":37,"minecraft:iron_pickaxe":2,"minecraft:stone_sword":1,"minecraft:white_bed":3,"minecraft:torch":68},"minecraft:used":{"minecraft:stone_sword":40,"minecraft:iron_shovel":7,"minecraft:stone_shovel":135,"minecraft:chest":1,"minecraft:stone_hoe":66,"minecraft:torch":79,"minecraft:dirt":177,"minecraft:mutton":7,"born_in_chaos_v1:corpse_maggot":22,"vampirism:item_tent":1,"minecraft:birch_sapling":1,"epicfight:diamond_tachi":257,"minecraft:sweet_berries":169,"minecraft:oak_sapling":7,"minecraft:furnace":1,"tombstone:gift":4,"minecraft:cooked_beef":6,"minecraft:potato":8,"minecraft:cobbled_deepslate":4,"minecraft:brown_bed":2,"minecraft:wheat_seeds":65,"minecraft:cooked_mutton":4,"minecraft:water_bucket":17,"cgm:pistol":5,"minecraft:stone_pickaxe":524,"minecraft:oak_planks":501,"minecraft:wooden_pickaxe":118,"minecraft:cobblestone_slab":3,"minecraft:crafting_table":5,"minecraft:white_bed":3,"minecraft:apple":3,"minecraft:bread":7,"minecraft:iron_pickaxe":256,"vampirism:cursed_earth":4,"minecraft:stone_axe":243,"minecraft:cobblestone":83,"minecraft:andesite":1,"minecraft:bucket":19,"minecraft:oak_boat":2,"alexsmobs:animal_dictionary":1,"minecraft:dandelion":1},"minecraft:mined":{"minecraft:diamond_ore":2,"minecraft:tuff":8,"minecraft:farmland":3,"minecraft:deepslate_diamond_ore":19,"minecraft:granite":7,"minecraft:grass_block":108,"born_in_chaos_v1:black_argillite":3,"minecraft:sandstone":2,"minecraft:hay_block":3,"minecraft:iron_ore":37,"minecraft:cobbled_deepslate":4,"minecraft:andesite":18,"vampirism:tent":1,"minecraft:azure_bluet":2,"minecraft:brown_bed":2,"minecraft:vine":18,"minecraft:deepslate_iron_ore":9,"minecraft:dirt_path":1,"minecraft:stone":480,"vampirism:cursed_earth":6,"minecraft:dandelion":5,"minecraft:crafting_table":3,"minecraft:torch":6,"minecraft:dead_bush":1,"minecraft:tall_grass":121,"minecraft:cobblestone":27,"minecraft:lapis_ore":2,"minecraft:sugar_cane":1,"minecraft:oak_planks":8,"minecraft:wall_torch":4,"justenoughdrugz:lithium_ore":1,"minecraft:birch_log":6,"minecraft:wheat":59,"minecraft:sweet_berry_bush":15,"minecraft:birch_leaves":2,"born_in_chaos_v1:river_mint":3,"minecraft:grass":684,"minecraft:oak_log":171,"minecraft:coal_ore":106,"minecraft:gravel":19,"minecraft:sand":51,"minecraft:dirt":101,"vampirism:cursed_grass_block":2,"minecraft:oak_leaves":78,"minecraft:deepslate":142,"minecraft:infested_stone":1},"minecraft:picked_up":{"minecraft:crafting_table":3,"minecraft:wheat":43,"minecraft:azure_bluet":2,"cgm:basic_bullet":49,"born_in_chaos_v1:river_mint":1,"minecraft:brown_bed":2,"minecraft:enchanted_book":1,"minecraft:pufferfish":1,"minecraft:iron_shovel":1,"graveyard:corruption":1,"minecraft:diamond_leggings":1,"vampirism:cursed_earth":8,"minecraft:cobbled_deepslate":101,"minecraft:oak_boat":2,"justenoughdrugz:weed_seed":2,"minecraft:iron_pickaxe":1,"minecraft:sugar_cane":1,"minecraft:birch_sapling":1,"minecraft:stick":18,"minecraft:raw_iron":44,"minecraft:sandstone":2,"minecraft:torch":14,"tombstone:grave_dust":1,"minecraft:diamond_chestplate":1,"minecraft:rotten_flesh":13,"minecraft:diamond_boots":1,"minecraft:hay_block":2,"minecraft:mutton":11,"minecraft:white_wool":9,"minecraft:cobblestone":504,"minecraft:birch_log":6,"born_in_chaos_v1:corpse_maggot":26,"minecraft:cooked_beef":6,"vampirism:item_tent":1,"minecraft:salmon":1,"minecraft:andesite":12,"minecraft:flint":2,"minecraft:tuff":8,"minecraft:oak_log":166,"minecraft:lapis_lazuli":14,"minecraft:dirt":254,"minecraft:bone":1,"minecraft:wheat_seeds":205,"minecraft:diamond_helmet":1,"minecraft:oak_planks":8,"minecraft:sweet_berries":132,"minecraft:dandelion":7,"minecraft:gravel":17,"minecraft:sand":48,"cgm:pistol":2,"epicfight:diamond_tachi":2,"minecraft:diamond":21,"minecraft:stone_axe":1,"minecraft:granite":7,"minecraft:bread":7,"born_in_chaos_v1:rotten_fish":4,"minecraft:oak_sapling":7,"minecraft:coal":106},"minecraft:custom":{"minecraft:mob_kills":60,"minecraft:interact_with_crafting_table":37,"minecraft:damage_dealt_resisted":80,"minecraft:leave_game":7,"minecraft:time_since_death":59305,"minecraft:climb_one_cm":16128,"minecraft:sprint_one_cm":1188660,"minecraft:walk_one_cm":1802069,"minecraft:drop":23,"minecraft:damage_dealt_absorbed":94,"minecraft:play_time":391572,"minecraft:deaths":9,"minecraft:sneak_time":15424,"minecraft:walk_under_water_one_cm":6203,"minecraft:boat_one_cm":125412,"minecraft:jump":6223,"minecraft:walk_on_water_one_cm":49025,"minecraft:total_world_time":391572,"minecraft:interact_with_furnace":18,"minecraft:sleep_in_bed":11,"minecraft:time_since_rest":59385,"minecraft:damage_taken":3147,"minecraft:damage_dealt":7844,"minecraft:swim_one_cm":28838,"minecraft:fly_one_cm":1772925,"minecraft:open_chest":27,"minecraft:crouch_one_cm":118029,"tombstone:undead_killed":13,"minecraft:fall_one_cm":106622},"minecraft:broken":{"minecraft:wooden_pickaxe":2,"minecraft:stone_pickaxe":4,"minecraft:stone_axe":2,"minecraft:stone_shovel":1},"minecraft:killed":{"born_in_chaos_v1:maggot":14,"minecraft:skeleton":1,"minecraft:silverfish":5,"graveyard:ghoul":2,"minecraft:sheep":9,"born_in_chaos_v1:bloody_gadfly":2,"born_in_chaos_v1:zombie_fisherman":6,"minecraft:zombie":4,"born_in_chaos_v1:corpse_fly":14},"minecraft:dropped":{"minecraft:cobblestone":1,"minecraft:dirt":51,"minecraft:torch":3,"minecraft:iron_pickaxe":1,"minecraft:dandelion":6,"minecraft:stone_axe":1,"cgm:pistol":1,"minecraft:sugar_cane":1,"born_in_chaos_v1:rotten_fish":1,"epicfight:diamond_tachi":1,"minecraft:hay_block":2,"minecraft:andesite":7}},"DataVersion":2975}