{"stats":{"minecraft:custom":{"minecraft:mob_kills":73,"minecraft:interact_with_crafting_table":46,"minecraft:damage_dealt_resisted":130,"minecraft:leave_game":11,"minecraft:time_since_death":37267,"minecraft:climb_one_cm":17496,"minecraft:sprint_one_cm":1664836,"minecraft:walk_one_cm":2345630,"minecraft:damage_blocked_by_shield":10,"minecraft:drop":28,"minecraft:damage_dealt_absorbed":94,"minecraft:talked_to_villager":5,"minecraft:play_time":521316,"minecraft:sneak_time":15658,"minecraft:deaths":10,"minecraft:walk_under_water_one_cm":10536,"minecraft:boat_one_cm":609543,"minecraft:jump":7940,"minecraft:walk_on_water_one_cm":97051,"minecraft:total_world_time":521316,"minecraft:interact_with_furnace":19,"minecraft:sleep_in_bed":12,"minecraft:time_since_rest":37312,"minecraft:damage_taken":3962,"minecraft:damage_dealt":10335,"minecraft:swim_one_cm":67397,"minecraft:fly_one_cm":2283779,"minecraft:open_chest":37,"minecraft:crouch_one_cm":118805,"tombstone:undead_killed":18,"minecraft:fall_one_cm":139792},"minecraft:crafted":{"minecraft:oak_planks":600,"minecraft:cobblestone_slab":6,"minecraft:stone_shovel":1,"minecraft:birch_boat":1,"minecraft:furnace":1,"minecraft:cooked_mutton":4,"minecraft:stone_pickaxe":4,"minecraft:chest":2,"minecraft:stone_hoe":1,"minecraft:crafting_table":2,"minecraft:wooden_pickaxe":2,"minecraft:bucket":2,"minecraft:birch_planks":12,"minecraft:stone_axe":3,"minecraft:bread":18,"minecraft:shield":1,"minecraft:stick":72,"minecraft:iron_ingot":37,"minecraft:iron_pickaxe":6,"minecraft:stone_sword":1,"minecraft:white_bed":3,"minecraft:torch":108},"minecraft:used":{"minecraft:stone_sword":87,"minecraft:iron_shovel":835,"minecraft:stone_shovel":135,"minecraft:chest":3,"minecraft:shield":1,"minecraft:stone_hoe":98,"minecraft:torch":124,"minecraft:dirt":366,"minecraft:mutton":7,"born_in_chaos_v1:corpse_maggot":30,"vampirism:item_tent":1,"minecraft:birch_sapling":1,"epicfight:diamond_tachi":296,"minecraft:sweet_berries":227,"minecraft:oak_sapling":7,"minecraft:furnace":1,"tombstone:gift":4,"minecraft:cooked_beef":6,"minecraft:potato":8,"minecraft:cobbled_deepslate":4,"minecraft:brown_bed":10,"minecraft:wheat_seeds":127,"minecraft:cooked_mutton":4,"minecraft:water_bucket":20,"cgm:pistol":5,"minecraft:stone_pickaxe":524,"minecraft:oak_planks":505,"minecraft:wooden_pickaxe":118,"minecraft:birch_boat":7,"minecraft:cobblestone_slab":3,"minecraft:sand":27,"minecraft:crafting_table":5,"minecraft:white_bed":3,"minecraft:apple":3,"minecraft:bread":23,"minecraft:iron_pickaxe":1308,"vampirism:cursed_earth":4,"minecraft:stone_axe":243,"minecraft:cobblestone":169,"minecraft:andesite":1,"minecraft:bucket":21,"minecraft:oak_boat":2,"alexsmobs:animal_dictionary":1,"minecraft:dandelion":1},"minecraft:killed":{"born_in_chaos_v1:maggot":16,"minecraft:skeleton":2,"minecraft:silverfish":5,"born_in_chaos_v1:corpse_fish":2,"graveyard:ghoul":2,"minecraft:iron_golem":1,"born_in_chaos_v1:decrepit_skeleton":1,"minecraft:sheep":9,"born_in_chaos_v1:bloody_gadfly":2,"born_in_chaos_v1:zombie_fisherman":7,"minecraft:zombie":6,"born_in_chaos_v1:corpse_fly":15},"minecraft:killed_by":{"born_in_chaos_v1:bloody_gadfly":1,"born_in_chaos_v1:nightmare_stalker":1,"born_in_chaos_v1:zombie_fisherman":1,"born_in_chaos_v1:corpse_fly":2,"born_in_chaos_v1:bonescaller":1,"alexsmobs:crocodile":1,"born_in_chaos_v1:dread_hound":1,"born_in_chaos_v1:maggot":1},"minecraft:picked_up":{"minecraft:crafting_table":3,"minecraft:wheat":54,"minecraft:azure_bluet":2,"cgm:basic_bullet":49,"born_in_chaos_v1:river_mint":1,"minecraft:brown_bed":12,"minecraft:enchanted_book":1,"minecraft:string":1,"minecraft:raw_copper":12,"minecraft:iron_shovel":1,"minecraft:pufferfish":1,"graveyard:corruption":1,"minecraft:diamond_leggings":1,"vampirism:cursed_earth":8,"minecraft:cobbled_deepslate":131,"minecraft:oak_boat":2,"justenoughdrugz:weed_seed":4,"minecraft:iron_pickaxe":2,"minecraft:sugar_cane":1,"minecraft:chest":1,"minecraft:birch_sapling":1,"minecraft:stick":18,"minecraft:raw_iron":62,"minecraft:sandstone":2,"minecraft:torch":22,"tombstone:grave_dust":1,"minecraft:diorite":7,"minecraft:diamond_chestplate":1,"minecraft:rotten_flesh":18,"minecraft:diamond_boots":1,"minecraft:hay_block":2,"minecraft:mutton":11,"minecraft:white_wool":9,"minecraft:cobblestone":1304,"minecraft:birch_log":6,"born_in_chaos_v1:corpse_maggot":30,"minecraft:cooked_beef":6,"vampirism:item_tent":1,"minecraft:andesite":12,"minecraft:salmon":1,"minecraft:birch_planks":7,"minecraft:flint":4,"minecraft:tuff":8,"minecraft:oak_log":167,"minecraft:lapis_lazuli":14,"minecraft:dirt":915,"minecraft:bone":4,"minecraft:wheat_seeds":251,"minecraft:iron_ingot":4,"minecraft:diamond_helmet":1,"minecraft:oak_planks":12,"minecraft:birch_boat":6,"minecraft:sweet_berries":176,"minecraft:dandelion":7,"minecraft:gravel":28,"minecraft:sand":83,"cgm:pistol":2,"epicfight:diamond_tachi":2,"minecraft:diamond":21,"minecraft:stone_axe":1,"minecraft:granite":42,"minecraft:bread":7,"minecraft:oak_sapling":7,"born_in_chaos_v1:rotten_fish":4,"minecraft:coal":146},"minecraft:mined":{"minecraft:diamond_ore":2,"minecraft:tuff":8,"minecraft:white_bed":1,"minecraft:farmland":3,"minecraft:deepslate_diamond_ore":19,"minecraft:granite":42,"minecraft:grass_block":520,"born_in_chaos_v1:black_argillite":3,"minecraft:sandstone":2,"minecraft:hay_block":3,"minecraft:iron_ore":42,"minecraft:cobbled_deepslate":4,"minecraft:andesite":18,"vampirism:tent":1,"minecraft:azure_bluet":2,"minecraft:brown_bed":11,"minecraft:deepslate_iron_ore":22,"minecraft:vine":18,"minecraft:dirt_path":1,"minecraft:stone":1342,"vampirism:cursed_earth":6,"minecraft:dandelion":5,"minecraft:crafting_table":3,"minecraft:torch":10,"minecraft:chest":1,"minecraft:dead_bush":1,"minecraft:tall_grass":131,"minecraft:copper_ore":9,"minecraft:cobblestone":54,"minecraft:lapis_ore":2,"minecraft:sugar_cane":1,"minecraft:oak_planks":11,"minecraft:diorite":7,"minecraft:wall_torch":7,"justenoughdrugz:lithium_ore":1,"minecraft:birch_log":6,"minecraft:wheat":63,"minecraft:sweet_berry_bush":15,"minecraft:birch_leaves":2,"born_in_chaos_v1:river_mint":3,"minecraft:grass":704,"minecraft:oak_log":171,"minecraft:coal_ore":146,"minecraft:gravel":49,"minecraft:sand":88,"minecraft:dirt":503,"minecraft:cobweb":1,"vampirism:cursed_grass_block":2,"minecraft:oak_leaves":80,"minecraft:deepslate":172,"minecraft:infested_stone":1},"minecraft:broken":{"minecraft:iron_shovel":1,"minecraft:wooden_pickaxe":2,"minecraft:stone_pickaxe":4,"minecraft:stone_axe":2,"minecraft:iron_pickaxe":5,"minecraft:stone_shovel":1},"minecraft:dropped":{"minecraft:birch_planks":7,"minecraft:cobblestone":18,"minecraft:dirt":51,"minecraft:torch":3,"minecraft:iron_pickaxe":2,"minecraft:dandelion":6,"minecraft:stone_axe":1,"cgm:pistol":1,"minecraft:sugar_cane":1,"born_in_chaos_v1:rotten_fish":1,"epicfight:diamond_tachi":1,"minecraft:hay_block":2,"minecraft:andesite":7,"minecraft:brown_bed":1}},"DataVersion":2975}