{"stats":{"minecraft:killed_by":{"born_in_chaos_v1:bonescaller":1,"born_in_chaos_v1:bloody_gadfly":1,"born_in_chaos_v1:zombie_fisherman":1},"minecraft:broken":{"minecraft:stone_pickaxe":1,"minecraft:stone_axe":1,"minecraft:stone_shovel":1,"minecraft:wooden_pickaxe":2},"minecraft:killed":{"graveyard:ghoul":2,"born_in_chaos_v1:maggot":4,"minecraft:sheep":7,"born_in_chaos_v1:zombie_fisherman":1,"minecraft:zombie":1,"born_in_chaos_v1:corpse_fly":6},"minecraft:dropped":{"cgm:pistol":1,"minecraft:stone_axe":1,"minecraft:dirt":43,"minecraft:hay_block":2,"minecraft:torch":3},"minecraft:picked_up":{"minecraft:birch_log":6,"born_in_chaos_v1:corpse_maggot":8,"minecraft:crafting_table":3,"cgm:basic_bullet":49,"minecraft:azure_bluet":2,"minecraft:cooked_beef":6,"born_in_chaos_v1:river_mint":1,"vampirism:item_tent":1,"minecraft:andesite":5,"minecraft:brown_bed":2,"minecraft:enchanted_book":1,"minecraft:oak_log":110,"minecraft:lapis_lazuli":8,"minecraft:dirt":146,"graveyard:corruption":1,"minecraft:diamond_leggings":1,"minecraft:wheat_seeds":87,"vampirism:cursed_earth":4,"minecraft:diamond_helmet":1,"minecraft:sugar_cane":1,"minecraft:birch_sapling":1,"minecraft:raw_iron":16,"minecraft:sandstone":2,"minecraft:sweet_berries":29,"minecraft:torch":9,"minecraft:dandelion":7,"minecraft:sand":27,"tombstone:grave_dust":1,"epicfight:diamond_tachi":1,"cgm:pistol":2,"minecraft:rotten_flesh":4,"minecraft:diamond_chestplate":1,"minecraft:stone_axe":1,"minecraft:diamond_boots":1,"minecraft:hay_block":2,"minecraft:granite":5,"minecraft:bread":7,"minecraft:oak_sapling":7,"minecraft:mutton":9,"minecraft:coal":72,"minecraft:white_wool":7,"minecraft:cobblestone":349},"minecraft:crafted":{"minecraft:oak_planks":348,"minecraft:stone_shovel":1,"minecraft:crafting_table":2,"minecraft:wooden_pickaxe":2,"minecraft:furnace":1,"minecraft:bucket":1,"minecraft:stone_axe":2,"minecraft:cooked_mutton":4,"minecraft:stick":32,"minecraft:iron_ingot":16,"minecraft:stone_pickaxe":3,"minecraft:stone_sword":1,"minecraft:chest":1,"minecraft:stone_hoe":1,"minecraft:torch":40},"minecraft:used":{"minecraft:wheat_seeds":62,"minecraft:cooked_mutton":4,"minecraft:water_bucket":17,"minecraft:stone_sword":38,"cgm:pistol":5,"minecraft:stone_shovel":135,"minecraft:stone_pickaxe":334,"minecraft:oak_planks":282,"minecraft:chest":1,"minecraft:wooden_pickaxe":118,"minecraft:stone_hoe":65,"minecraft:torch":42,"minecraft:dirt":60,"minecraft:mutton":5,"minecraft:crafting_table":5,"born_in_chaos_v1:corpse_maggot":8,"vampirism:item_tent":1,"minecraft:apple":3,"minecraft:birch_sapling":1,"minecraft:bread":7,"epicfight:diamond_tachi":31,"minecraft:stone_axe":157,"minecraft:cobblestone":16,"minecraft:sweet_berries":35,"minecraft:oak_sapling":7,"minecraft:furnace":1,"minecraft:andesite":1,"minecraft:bucket":18,"tombstone:gift":2,"alexsmobs:animal_dictionary":1,"minecraft:potato":8,"minecraft:dandelion":1,"minecraft:brown_bed":2},"minecraft:mined":{"vampirism:cursed_earth":2,"minecraft:farmland":3,"minecraft:dandelion":5,"minecraft:crafting_table":3,"minecraft:torch":6,"minecraft:granite":5,"minecraft:grass_block":79,"minecraft:dead_bush":1,"minecraft:tall_grass":104,"minecraft:cobblestone":14,"minecraft:lapis_ore":1,"minecraft:sugar_cane":1,"minecraft:sandstone":2,"minecraft:wall_torch":2,"minecraft:hay_block":3,"minecraft:birch_log":6,"minecraft:iron_ore":16,"minecraft:sweet_berry_bush":7,"minecraft:birch_leaves":2,"minecraft:andesite":5,"born_in_chaos_v1:river_mint":3,"vampirism:tent":1,"minecraft:azure_bluet":2,"minecraft:brown_bed":2,"minecraft:grass":637,"minecraft:coal_ore":72,"minecraft:oak_log":114,"minecraft:vine":10,"minecraft:sand":28,"minecraft:dirt":22,"minecraft:stone":336,"vampirism:cursed_grass_block":2,"minecraft:oak_leaves":55},"minecraft:custom":{"minecraft:interact_with_furnace":14,"minecraft:mob_kills":22,"minecraft:interact_with_crafting_table":22,"minecraft:leave_game":3,"minecraft:time_since_death":7057,"minecraft:sleep_in_bed":9,"minecraft:climb_one_cm":9726,"minecraft:time_since_rest":7113,"minecraft:sprint_one_cm":499814,"minecraft:damage_taken":1426,"minecraft:walk_one_cm":937632,"minecraft:drop":8,"minecraft:damage_dealt":2825,"minecraft:damage_dealt_absorbed":54,"minecraft:swim_one_cm":22486,"minecraft:fly_one_cm":861293,"minecraft:open_chest":17,"minecraft:crouch_one_cm":58976,"minecraft:play_time":164781,"tombstone:undead_killed":4,"minecraft:deaths":4,"minecraft:sneak_time":6321,"minecraft:walk_under_water_one_cm":3832,"minecraft:jump":3000,"minecraft:walk_on_water_one_cm":43359,"minecraft:total_world_time":164781,"minecraft:fall_one_cm":65047}},"DataVersion":2975}