{"stats":{"minecraft:killed_by":{"born_in_chaos_v1:bloody_gadfly":1},"minecraft:broken":{"minecraft:stone_pickaxe":1,"minecraft:wooden_pickaxe":2},"minecraft:picked_up":{"minecraft:raw_iron":11,"minecraft:crafting_table":3,"minecraft:sandstone":2,"vampirism:item_tent":1,"minecraft:andesite":5,"minecraft:torch":5,"minecraft:dandelion":1,"minecraft:brown_bed":1,"minecraft:sand":27,"minecraft:oak_log":10,"minecraft:lapis_lazuli":8,"minecraft:dirt":37,"minecraft:wheat_seeds":32,"minecraft:bread":1,"minecraft:sugar_cane":1,"minecraft:coal":50,"minecraft:cobblestone":257},"minecraft:crafted":{"minecraft:oak_planks":36,"minecraft:iron_ingot":5,"minecraft:crafting_table":2,"minecraft:stick":28,"minecraft:wooden_pickaxe":2,"minecraft:stone_pickaxe":2,"minecraft:stone_sword":1,"minecraft:chest":1,"minecraft:furnace":1,"minecraft:bucket":1,"minecraft:torch":40},"minecraft:mined":{"minecraft:iron_ore":11,"minecraft:andesite":5,"minecraft:dandelion":2,"born_in_chaos_v1:river_mint":1,"vampirism:tent":1,"minecraft:crafting_table":3,"minecraft:brown_bed":1,"minecraft:torch":3,"minecraft:grass":211,"minecraft:grass_block":23,"minecraft:oak_log":11,"minecraft:coal_ore":50,"minecraft:sand":28,"minecraft:dirt":15,"minecraft:tall_grass":69,"minecraft:lapis_ore":1,"minecraft:stone":258,"minecraft:sugar_cane":1,"minecraft:oak_leaves":2,"minecraft:sandstone":2,"minecraft:wall_torch":2},"minecraft:used":{"vampirism:item_tent":1,"minecraft:apple":3,"minecraft:stone_pickaxe":210,"minecraft:bread":1,"minecraft:chest":1,"minecraft:wooden_pickaxe":118,"minecraft:torch":24,"minecraft:dirt":1,"minecraft:cobblestone":2,"minecraft:sweet_berries":5,"minecraft:crafting_table":5,"minecraft:furnace":1,"minecraft:andesite":1,"minecraft:dandelion":1,"minecraft:brown_bed":1},"minecraft:custom":{"minecraft:time_since_rest":7215,"minecraft:interact_with_furnace":3,"minecraft:sprint_one_cm":144675,"minecraft:damage_taken":470,"minecraft:walk_one_cm":233460,"minecraft:damage_dealt":214,"minecraft:swim_one_cm":12690,"minecraft:interact_with_crafting_table":9,"minecraft:fly_one_cm":230190,"minecraft:open_chest":5,"minecraft:play_time":47628,"minecraft:deaths":2,"minecraft:walk_under_water_one_cm":1943,"minecraft:jump":837,"minecraft:leave_game":1,"minecraft:time_since_death":7136,"minecraft:walk_on_water_one_cm":7503,"minecraft:sleep_in_bed":1,"minecraft:total_world_time":47628,"minecraft:climb_one_cm":607,"minecraft:fall_one_cm":15621}},"DataVersion":2975}